periode,valeur
1990-12,46129.0
1991-01,46888.0
1991-02,47674.0
1991-03,48209.0
1991-04,49261.0
1991-05,49548.0
1991-06,50185.0
1991-07,50976.0
1991-08,51125.0
1991-09,51586.0
1991-10,52270.0
1991-11,52334.0
1991-12,52863.0
1992-01,53457.0
1992-02,54064.0
1992-03,54534.0
1992-04,54873.0
1992-05,55282.0
1992-06,55755.0
1992-07,56225.0
1992-08,56390.0
1992-09,57282.0
1992-10,57736.0
1992-11,58733.0
1992-12,59589.0
1993-01,59968.0
1993-02,60358.0
1993-03,61379.0
1993-04,61516.0
1993-05,62017.0
1993-06,62775.0
1993-07,62943.0
1993-08,63287.0
1993-09,63790.0
1993-10,63999.0
1993-11,63974.0
1993-12,63709.0
1994-01,63927.0
1994-02,63928.0
1994-03,63542.0
1994-04,63314.0
1994-05,63515.0
1994-06,63321.0
1994-07,62870.0
1994-08,62366.0
1994-09,62043.0
1994-10,61386.0
1994-11,61190.0
1994-12,60954.0
1995-01,60664.0
1995-02,60427.0
1995-03,60126.0
1995-04,59801.0
1995-05,59211.0
1995-06,58685.0
1995-07,58475.0
1995-08,58604.0
1995-09,58498.0
1995-10,58802.0
1995-11,59069.0
1995-12,58945.0
1996-01,58520.0
1996-02,58659.0
1996-03,58226.0
1996-04,58723.0
1996-05,58820.0
1996-06,58778.0
1996-07,59392.0
1996-08,59392.0
1996-09,59406.0
1996-10,59853.0
1996-11,59361.0
1996-12,59760.0
1997-01,60111.0
1997-02,60041.0
1997-03,60041.0
1997-04,60183.0
1997-05,60269.0
1997-06,60508.0
1997-07,60346.0
1997-08,60168.0
1997-09,60105.0
1997-10,59638.0
1997-11,59204.0
1997-12,58986.0
1998-01,58571.0
1998-02,58121.0
1998-03,57816.0
1998-04,57156.0
1998-05,56349.0
1998-06,55487.0
1998-07,54577.0
1998-08,54255.0
1998-09,53862.0
1998-10,52982.0
1998-11,52630.0
1998-12,51968.0
1999-01,51257.0
1999-02,50667.0
1999-03,50816.0
1999-04,50251.0
1999-05,50193.0
1999-06,50052.0
1999-07,49687.0
1999-08,49699.0
1999-09,49394.0
1999-10,48960.0
1999-11,48748.0
1999-12,48342.0
2000-01,47946.0
2000-02,47542.0
2000-03,46787.0
2000-04,45984.0
2000-05,45894.0
2000-06,45225.0
2000-07,44834.0
2000-08,44769.0
2000-09,44414.0
2000-10,44437.0
2000-11,44321.0
2000-12,43968.0
2001-01,43852.0
2001-02,43066.0
2001-03,40680.0
2001-04,41835.0
2001-05,42014.0
2001-06,42362.0
2001-07,42621.0
2001-08,42721.0
2001-09,42653.0
2001-10,42911.0
2001-11,43036.0
2001-12,43282.0
2002-01,43543.0
2002-02,42727.0
2002-03,45430.0
2002-04,44954.0
2002-05,44844.0
2002-06,44770.0
2002-07,44915.0
2002-08,44716.0
2002-09,45042.0
2002-10,44959.0
2002-11,44894.0
2002-12,44966.0
2003-01,45009.0
2003-02,46939.0
2003-03,46571.0
2003-04,46656.0
2003-05,46403.0
2003-06,46379.0
2003-07,46558.0
2003-08,46455.0
2003-09,46797.0
2003-10,47015.0
2003-11,46962.0
2003-12,47216.0
2004-01,47378.0
2004-02,47114.0
2004-03,47563.0
2004-04,47456.0
2004-05,47699.0
2004-06,48146.0
2004-07,47890.0
2004-08,48111.0
2004-09,48154.0
2004-10,48034.0
2004-11,48468.0
2004-12,48357.0
2005-01,48466.0
2005-02,48751.0
2005-03,48756.0
2005-04,49110.0
2005-05,49512.0
2005-06,49693.0
2005-07,49583.0
2005-08,49519.0
2005-09,49670.0
2005-10,49501.0
2005-11,49487.0
2005-12,49351.0
2006-01,48925.0
2006-02,48397.0
2006-03,48169.0
2006-04,47572.0
2006-05,47222.0
2006-06,46996.0
2006-07,47019.0
2006-08,47117.0
2006-09,47082.0
2006-10,47306.0
2006-11,47594.0
2006-12,47919.0
2007-01,48348.0
2007-02,49006.0
2007-03,49416.0
2007-04,49788.0
2007-05,50045.0
2007-06,50447.0
2007-07,50997.0
2007-08,50955.0
2007-09,51003.0
2007-10,51439.0
2007-11,51349.0
2007-12,51350.0
2008-01,51370.0
2008-02,51620.0
2008-03,51408.0
2008-04,52133.0
2008-05,52015.0
2008-06,52017.0
2008-07,52288.0
2008-08,52432.0
2008-09,53206.0
2008-10,53874.0
2008-11,54511.0
2008-12,55642.0
2009-01,56447.0
2009-02,57250.0
2009-03,58984.0
2009-04,59766.0
2009-05,60649.0
2009-06,61510.0
2009-07,62202.0
2009-08,62663.0
2009-09,63444.0
2009-10,63263.0
2009-11,63480.0
2009-12,63283.0
2010-01,63332.0
2010-02,63291.0
2010-03,63319.0
2010-04,62677.0
2010-05,62627.0
2010-06,62647.0
2010-07,62202.0
2010-08,62252.0
2010-09,61625.0
2010-10,61186.0
2010-11,60921.0
2010-12,60393.0
2011-01,60424.0
2011-02,60406.0
2011-03,60012.0
2011-04,59777.0
2011-05,60581.0
2011-06,59959.0
2011-07,59596.0
2011-08,59640.0
2011-09,59422.0
2011-10,59501.0
2011-11,59694.0
2011-12,59595.0
2012-01,60078.0
2012-02,60101.0
2012-03,59656.0
2012-04,59814.0
2012-05,58986.0
2012-06,59036.0
2012-07,59857.0
2012-08,59754.0
2012-09,59473.0
2012-10,60453.0
2012-11,60530.0
2012-12,61211.0
2013-01,61068.0
2013-02,60953.0
2013-03,60836.0
2013-04,61513.0
2013-05,61668.0
2013-06,61883.0
2013-07,62334.0
2013-08,62273.0
2013-09,62765.0
2013-10,62725.0
2013-11,62628.0
2013-12,62665.0
2014-01,62764.0
2014-02,63352.0
2014-03,63347.0
2014-04,63464.0
2014-05,63216.0
2014-06,63321.0
2014-07,63326.0
2014-08,63333.0
2014-09,63509.0
2014-10,63390.0
2014-11,63430.0
2014-12,62564.0
2015-01,62865.0
2015-02,62756.0
2015-03,63879.0
2015-04,63923.0
2015-05,62584.0
2015-06,63462.0
2015-07,63186.0
2015-08,62934.0
2015-09,63028.0
2015-10,62173.0
2015-11,62334.0
2015-12,63111.0
2016-01,62355.0
2016-02,61973.0
2016-03,61173.0
2016-04,60539.0
2016-05,62023.0
2016-06,61169.0
2016-07,60290.0
2016-08,60204.0
2016-09,59570.0
2016-10,59389.0
2016-11,59119.0
2016-12,58155.0
2017-01,57999.0
2017-02,57443.0
2017-03,57320.0
2017-04,56556.0
2017-05,56538.0
2017-06,55867.0
2017-07,55635.0
2017-08,55674.0
2017-09,55019.0
2017-10,54821.0
2017-11,54446.0
2017-12,54571.0
2018-01,54092.0
2018-02,53785.0
2018-03,53145.0
2018-04,53276.0
2018-05,52749.0
2018-06,52789.0
2018-07,53026.0
2018-08,53309.0
2018-09,53486.0
2018-10,54013.0
2018-11,53963.0
2018-12,54041.0
2019-01,54449.0
2019-02,54406.0
2019-03,54193.0
2019-04,54316.0
2019-05,54167.0
2019-06,53659.0
2019-07,53634.0
2019-08,52976.0
2019-09,52569.0
2019-10,51932.0
2019-11,51462.0
2019-12,51145.0
2020-01,49925.0
2020-02,49171.0
2020-03,47176.0
2020-04,44083.0
2020-05,41481.0
2020-06,40135.0
2020-07,38522.0
2020-08,38027.0
2020-09,36535.0
2020-10,34522.0
2020-11,32897.0
2020-12,31217.0
2021-01,29845.0
2021-02,28168.0
2021-03,28034.0
2021-04,28740.0
2021-05,29333.0
2021-06,28877.0
2021-07,28089.0
2021-08,27999.0
2021-09,27481.0
2021-10,27222.0
2021-11,27257.0
2021-12,27582.0
2022-01,28091.0
2022-02,29055.0
2022-03,30216.0
2022-04,31360.0
2022-05,32375.0
2022-06,33531.0
2022-07,34942.0
2022-08,35601.0
2022-09,37336.0
2022-10,38786.0
2022-11,40248.0
2022-12,41241.0
2023-01,42962.0
2023-02,44193.0
2023-03,45791.0
2023-04,46804.0
2023-05,48151.0
2023-06,49358.0
2023-07,50360.0
2023-08,50781.0
2023-09,51727.0
2023-10,53384.0
2023-11,54910.0
2023-12,56274.0
2024-01,57340.0
2024-02,58745.0
2024-03,59344.0
2024-04,60503.0
2024-05,61368.0
2024-06,62201.0
2024-07,63619.0
2024-08,63427.0
2024-09,64317.0
2024-10,65153.0
2024-11,65331.0
2024-12,66151.0
2025-01,66189.0
2025-02,66267.0
2025-03,66572.0
2025-04,67137.0
2025-05,67182.0
2025-06,67445.0
2025-07,67578.0
2025-08,67614.0
2025-09,68227.0
2025-10,68210.0
2025-11,68366.0
2025-12,68570.0
2026-01,69000.0
2026-02,69432.0
2026-03,69978.0
2026-04,70228.0
