tour,node,ud,ur,ud_local,ur_local,adequation,false_urgency,hidden_risk
0,orbitalys,0.2663984337404105,0.4290780227782275,0.2663984337404105,0.036029625350897154,59.12725393490444,0.0,0.16267958903781699
0,aviosys,0.3008112612149033,0.5096738548246422,0.08030695260069537,0.10776706550920212,51.617262159575446,0.0,0.2088625936097389
0,electis,0.5792511374386664,0.6435007428778523,0.4459099052577964,0.45319721607973495,79.64964463011681,0.0,0.0642496054391859
0,compodis,0.6956398083942246,0.40713194985665924,0.432797786559898,0.20133271781022133,68.18654823676584,0.28850785853756533,0.0
0,transglobal,0.359855545573725,0.08276795986534613,0.09886332300527886,0.08276795986534613,69.12723611536458,0.2770875857083789,0.0
0,meridian,0.04598597581508701,0.039133418385035146,0.04598597581508701,0.039133418385035146,98.61573880203899,0.006852557430051864,0.0
0,novafab,0.6318081454681005,0.286309228491215,0.01533016139559279,0.23721998819117696,63.712345187987175,0.3454989169768855,0.0
0,silpure,0.44226570182767033,0.10725949714656258,0.0,0.10725949714656258,64.50988666992572,0.33500620468110776,0.0
1,orbitalys,0.30204571124088275,0.42850457093866845,0.30204571124088275,0.03579961362385975,65.84253332599555,0.0,0.1264588596977857
1,aviosys,0.3438977273801196,0.5091070316705051,0.09895723479198312,0.10514354127485415,58.6873838905029,0.0,0.1652093042903855
1,electis,0.5670790737533051,0.6448975083527541,0.40277033381265176,0.40391734007449986,76.33661052521767,0.0,0.07781843459944893
1,compodis,0.6912186901150952,0.4799372658825407,0.4348150385763655,0.20114271379500448,74.87344428032134,0.21128142423255447,0.0
1,transglobal,0.3605308413805741,0.0824740419783192,0.1074606464232298,0.0824740419783192,69.04679507749405,0.2780567994022549,0.0
1,meridian,0.13046268459354393,0.17421764848132804,0.130462684593544,0.17421764848132804,85.07519031474237,0.0,0.043754963887784104
1,novafab,0.6515883329636324,0.3877685412538331,0.07803986181373335,0.3443777468343233,70.23999769572181,0.2638197917097993,0.0
1,silpure,0.4561118330745426,0.11030435643389924,0.0,0.11030435643389924,63.689062629336384,0.3458074766406434,0.0
2,orbitalys,0.28996952653230945,0.4187143961123386,0.2899695265323094,0.03557806897842897,65.39401431219991,0.0,0.12874486958002918
2,aviosys,0.33774035212118636,0.49658805291796615,0.10387676495993389,0.10231745143636084,59.800371901125736,0.0,0.1588477007967798
2,electis,0.5707444202996754,0.6274419808021516,0.41182373256009164,0.401388025847606,81.58441759233868,0.0,0.05669756050247621
2,compodis,0.7088254459527747,0.44554270383206884,0.46416606144095596,0.2009948392756442,70.28550095213527,0.2632827421207059,0.0
2,transglobal,0.34620685592108913,0.08233823211455493,0.08512773591411388,0.08233823211455493,70.23586204199736,0.2638686238065342,0.0
2,meridian,0.11398170465074697,0.11132892270961758,0.11398170465074695,0.11132892270961758,99.39736440889496,0.0026527819411293896,0.0
2,novafab,0.6589354299761729,0.3400727089932747,0.05798126510261764,0.2943666675261538,65.75945450588104,0.31886272098289825,0.0
2,silpure,0.46125480098332106,0.10795512665405205,0.0,0.10795512665405205,63.12668634339382,0.353299674329269,0.0
3,orbitalys,0.2864978527561186,0.4306795277263684,0.28649785275611866,0.035364681579093116,62.45548349976062,0.0,0.1441816749702498
3,aviosys,0.3234564715471676,0.5122594500199305,0.08840292828441507,0.1325099226010915,54.749020850791126,0.0,0.18880297847276284
3,electis,0.5596651543464491,0.6253666053572525,0.40594419995999265,0.3858135825748368,79.28549012733116,0.0,0.06570145101080338
3,compodis,0.7039259206915474,0.4615670974668312,0.463894077684586,0.21165199644885357,72.08726890670609,0.24235882322471614,0.0
3,transglobal,0.323264573032248,0.08236039472926049,0.06030819290401335,0.08236039472926049,72.2146756229405,0.2409041783029875,0.0
3,meridian,0.14785329206447806,0.14042771560283995,0.14785329206447806,0.14042771560283995,98.51504765050107,0.007425576461638106,0.0
3,novafab,0.6505631325126006,0.3522346023896732,0.046470266521618925,0.30560601572255275,67.38988743475365,0.29832853012292737,0.0
3,silpure,0.4553941927588203,0.11191674016694297,0.0,0.11191674016694297,63.86511576094777,0.34347745259187734,0.0
4,orbitalys,0.2649992133944945,0.7599929172962985,0.26499921339449445,0.03515915279354331,21.491416349942508,0.0,0.49499370390180397
4,aviosys,0.3197225872831866,0.9390587144519691,0.1066621401407979,0.8783524248750754,13.766756940871584,0.0,0.6193361271687825
4,electis,0.5489630569747364,0.7129058736688703,0.3939483308155896,0.3935041100243314,58.90715837939818,0.0,0.1639428166941339
4,compodis,0.6995812463818921,0.6382065829477326,0.46433145106148577,0.46263161731638036,90.81021111508555,0.06137466343415954,0.0
4,transglobal,0.3220773816293757,0.08208144931412709,0.06560253806188424,0.08208144931412709,72.29437037565462,0.23999593231524863,0.0
4,meridian,0.12783323776419164,0.13474016021203428,0.12783323776419167,0.13474016021203428,96.88823034642527,0.0,0.006906922447842634
4,novafab,0.6554788426774931,0.3630345614524252,0.06980921988304639,0.3128065482530029,67.86587921800326,0.29244428122506794,0.0
4,silpure,0.4588351898742451,0.12181919824694598,0.0,0.12181919824694598,64.35624488408364,0.3370159916272991,0.0
5,orbitalys,0.2672466160615623,0.8069922389594804,0.2672466160615623,0.03496119479740134,18.448615569513244,0.0,0.539745622897918
5,aviosys,0.7131263614908147,1.0,0.6222752715603797,1.0,41.030353151844864,0.0,0.28687363850918535
5,electis,0.7413173707905518,1.0,0.3977106281289728,1.0,44.59060857506816,0.0,0.2586826292094482
5,compodis,0.8448647157408093,0.9762789283822696,0.6187817429005565,0.964505087257497,64.87475883534579,0.0,0.13141421264146025
5,transglobal,0.4129089503103539,0.08196012695666699,0.06713410344212735,0.08196012695666699,64.82134556709471,0.3309488233536869,0.0
5,meridian,0.15140812511123292,0.13680251170893998,0.15140812511123292,0.13680251170893998,97.32149672252957,0.014605613402292938,0.0
5,novafab,0.7742506732155271,0.36856114534201523,0.05789302812074856,0.31437436015501075,59.34571055534035,0.40568952787351187,0.0
5,silpure,0.541975471250869,0.1317210200386114,0.0,0.1317210200386114,59.028237536790904,0.41025445121225756,0.0
6,orbitalys,0.2775315571423502,0.5414671897121655,0.27753155714235017,0.03477053019217358,43.906018396071985,0.0,0.2639356325698152
6,aviosys,0.44727433792274984,0.656186786885083,0.26325013418780013,0.09249151060497574,51.60971047573559,0.0,0.20891244896233319
6,electis,0.6158680717877101,0.8873514413636672,0.401831867411816,0.4176942391335241,42.93968262444192,0.0,0.2714833695759571
6,compodis,0.9419817595733924,0.9999841085813681,0.885634522870167,0.9999643185507501,81.24511935668134,0.0,0.05800234900797574
6,transglobal,0.3603652967984291,0.08199630503728905,0.07576049628779678,0.08199630503728905,69.02090849975811,0.27836899176114005,0.0
6,meridian,0.1496271213121012,0.11348934552959389,0.14962712131210115,0.11348934552959389,94.14211737834299,0.03613777578250732,0.0
6,novafab,0.8839276152984605,0.6162564405651425,0.23745160043210228,0.5811909851434334,69.91473801005361,0.26767117473331803,0.0
6,silpure,0.6187493307089224,0.13954433555558465,0.0,0.13954433555558465,54.44724688065919,0.4792049951533377,0.0
7,orbitalys,0.3144215108689916,1.0,0.3144215108689916,1.0,10.472106824409831,0.0,0.6855784891310084
7,aviosys,0.3726827740700045,0.6824105894006809,0.1251057630093474,0.09024475592821668,38.338151827141076,0.0,0.3097278153306764
7,electis,0.5816427287200638,0.9298667924009241,0.4039253149901697,0.4155632240926401,34.15706552055538,0.0,0.34822406368086023
7,compodis,0.9816551204264504,0.9999971678922855,0.96569035686105,0.9999822221070402,92.78912932179131,0.0,0.01834204746583512
7,transglobal,0.8033647269258455,1.0,0.722728148886339,1.0,53.503666971776546,0.0,0.19663527307415452
7,meridian,0.19974469187998467,0.22022230548305088,0.1997446918799847,0.22022230548305088,92.08186326475924,0.0,0.020477613603066214
7,novafab,0.9230172552590825,0.9341055257736708,0.3392628445150887,0.927613040397212,95.31436994748329,0.0,0.011088270514588272
7,silpure,0.6461120786813577,0.1494856120514244,0.0,0.1494856120514244,53.349774261999954,0.49662646662993326,0.0
8,orbitalys,0.7943264532606974,1.0,0.7943264532606974,1.0,52.10264247056211,0.0,0.2056735467393026
8,aviosys,0.7452963973100768,0.6928989869007045,0.10663601921517765,0.12133896078025697,91.96000944935533,0.05239741040937229,0.0
8,electis,0.7554867576354223,0.9292711143244511,0.3944137681468058,0.41059261937042546,57.22233077481917,0.0,0.1737843566890288
8,compodis,0.9959280225104767,1.0,0.989707107058315,1.0,98.035116825447,0.0,0.00407197748952326
8,transglobal,0.9391143479697247,1.0,0.902153468588904,1.0,80.5028900445429,0.0,0.060885652030275295
8,meridian,0.16964214391871257,0.1925480066523051,0.16964214391871252,0.1925480066523051,91.29401158157793,0.0,0.02290586273359252
8,novafab,0.9542497421285219,0.9999700877213977,0.5586711515138344,0.9999670916751798,84.52950749200383,0.0,0.045720345592875855
8,silpure,0.6679748194899653,0.15173699634861193,0.0,0.15173699634861193,52.14145323939185,0.5162378231413534,0.0
9,orbitalys,0.9382979359782091,1.0,0.9382979359782091,1.0,80.29457360749888,0.0,0.0617020640217909
9,aviosys,0.8672133690511157,0.9882915802528187,0.1462415933226746,0.9680858655663035,66.91248603750377,0.0,0.12107821120170303
9,electis,0.8082362287615505,0.9044677916924583,0.3737902667763991,0.3968528098361397,72.13283331380087,0.0,0.09623156293090773
9,compodis,0.8575296798603094,0.9200217837042811,0.5968707445715656,0.20021783704281115,80.09374770221316,0.0,0.06249210384397175
9,transglobal,0.973719087344867,1.0,0.9558957684578336,1.0,90.22498736874114,0.0,0.026280912655132993
9,meridian,0.21229407411575552,0.22357351675353487,0.21229407411575552,0.22357351675353487,95.24488478099202,0.0,0.011279442637779358
9,novafab,0.9300137591147957,1.0,0.6933431226060902,1.0,78.22466631580043,0.0,0.06998624088520433
9,silpure,0.651009631380357,0.15493894146456288,0.0,0.15493894146456288,53.384431589605704,0.49607068991579406,0.0
10,orbitalys,0.9814893807934626,1.0,0.9814893807934626,1.0,92.73277969705532,0.0,0.018510619206537404
10,aviosys,0.9620820037328568,1.0,0.6749687968194317,1.0,86.73247186155794,0.0,0.037917996267143206
10,electis,0.8574622501591596,0.9047797489227484,0.3811703693028812,0.39885793466483055,84.09038672861122,0.0,0.04731749876358882
10,compodis,0.8407415282997078,0.9200022598368616,0.4928561910132668,0.2000225983686158,75.99578273444344,0.0,0.07926073153715374
10,transglobal,0.9868970381585663,1.0,0.9770634067132418,1.0,94.591052753851,0.0,0.013102961841433669
10,meridian,0.23633929223374317,0.2670791472751807,0.23633929223374317,0.2670791472751807,88.85394817740828,0.0,0.030739855041437503
10,novafab,0.9381634582699898,1.0,0.7458764855334075,1.0,80.26033707428975,0.0,0.061836541730010186
10,silpure,0.6567144207889928,0.16667556853827614,0.0,0.16667556853827614,53.762058155271625,0.49003885225071664,0.0
11,orbitalys,0.9944468142380387,1.0,0.9944468142380387,1.0,97.4254554998849,0.0,0.005553185761961288
11,aviosys,0.9845150636296636,1.0,0.8525214198595096,1.0,93.75894812636994,0.0,0.015484936370336433
11,electis,0.8726321167093773,0.8870067120302129,0.400305507762634,0.4069057654159516,94.14394693537726,0.0,0.014374595320835515
11,compodis,0.8374407245321477,0.853093961222733,0.461535802774383,0.19991681793579996,93.70100800763119,0.0,0.01565323669058527
11,transglobal,0.9879552929128923,1.0,0.9786321621085197,1.0,94.96856971127525,0.0,0.012044707087107698
11,meridian,0.23995018411349633,0.23611130127305702,0.23995018411349628,0.23611130127305702,99.16661243977258,0.003838882840439317,0.0
11,novafab,0.9242831407482404,0.9070961591237271,0.692586966881081,0.8957188333370621,96.91480233696755,0.017186981624513264,0.0
11,silpure,0.6469981985237682,0.18183733699232685,0.0,0.18183733699232685,55.348972290687364,0.4651608615314413,0.0
12,orbitalys,0.9983340442714115,1.0,0.9983340442714115,1.0,99.10078325307563,0.0,0.0016659557285885196
12,aviosys,0.952726740290001,0.8159330871256549,0.5342506628862693,0.38644362375218333,82.17861977463546,0.1367936531643461,0.0
12,electis,0.9010108949286348,1.0,0.5837621538515914,1.0,71.52927330179702,0.0,0.09898910507136516
12,compodis,0.847183867644261,0.8579536336429368,0.45264719537415965,0.2000372953676447,95.43055817931378,0.0,0.01076976599867574
12,transglobal,0.9933212065436675,1.0,0.9878455693045315,1.0,96.9776205815855,0.0,0.006678793456332488
12,meridian,0.279795574922058,0.3012641698658054,0.279795574922058,0.3012641698658054,91.75832733614192,0.0,0.02146859494374742
12,novafab,0.9178946384663527,0.9138152933956748,0.6543434535840602,0.9026150478029332,99.12102363186278,0.0040793450706778644,0.0
12,silpure,0.6425262469264468,0.19168337167869776,0.0,0.19168337167869776,56.28436122269204,0.450842875247749,0.0
13,orbitalys,0.5077070766918891,1.0,0.5077070766918891,1.0,21.685640394906777,0.0,0.4922929233081109
13,aviosys,0.7349017726693506,0.86678940371589,0.5118468403903658,0.5559646790529666,64.78316448616287,0.0,0.13188763104653933
13,electis,0.9459049729870147,1.0,0.8687264289053239,1.0,82.2677357059949,0.0,0.0540950270129853
13,compodis,0.8758275760145535,0.8675364948352802,0.48958214967724467,0.24983445797268233,98.36486875308131,0.008291081179273352,0.0
13,transglobal,0.9959516083874383,1.0,0.9923187350119017,1.0,98.04504753579319,0.0,0.004048391612561653
13,meridian,0.30834440162848353,0.31645998350758275,0.30834440162848353,0.31645998350758275,96.42144013498492,0.0,0.00811558187909922
13,novafab,0.9293082033164215,0.9149121867943708,0.6661626121551723,0.9028282556820775,97.35494740392201,0.014396016522050692,0.0
13,silpure,0.650515742321495,0.20726071481502584,0.0,0.20726071481502584,56.786805650293914,0.44325502750646917,0.0
14,orbitalys,0.3481838393911576,0.8066955293891005,0.34818383939115766,0.03347764694550193,24.224881904398657,0.0,0.4585116899979429
14,aviosys,0.6642689998734772,1.0,0.511048485992575,1.0,35.4679395473182,0.0,0.3357310001265228
14,electis,0.8702008609218532,0.9497006408530655,0.7229975469752559,0.6724154886324316,75.93949297385569,0.0,0.07949977993121227
14,compodis,0.8854034795247746,0.9301120690393909,0.622838400998698,0.6162159978112405,84.80967431257223,0.0,0.044708589514616315
14,transglobal,0.9946518063666907,1.0,0.9905324876815305,1.0,97.50833507221648,0.0,0.005348193633309295
14,meridian,0.2803438816955761,0.26751222799851426,0.28034388169557617,0.26751222799851426,97.60685775705672,0.012831653697061851,0.0
14,novafab,0.9266335110948719,0.9087752759016325,0.6388322342812944,0.8938310971571536,96.81053501816567,0.01785823519323937,0.0
14,silpure,0.6533036144136988,0.2345975507630469,0.01326332681231334,0.2345975507630469,58.44529838929545,0.4187060636506519,0.0
15,orbitalys,0.3642552935293063,1.0,0.3642552935293063,1.0,12.90388504044285,0.0,0.6357447064706937
15,aviosys,0.8961112270841938,1.0,0.8454427652713467,1.0,70.47239305642796,0.0,0.10388877291580623
15,electis,0.9100931176768574,0.9612383727427618,0.6824324151965524,0.6833773737451984,83.05312745755046,0.0,0.051145255065904394
15,compodis,0.9375329641227214,0.9949538238171896,0.7702788648675679,0.9710254691613508,81.39606337080221,0.0,0.057420859694468196
15,transglobal,0.991823295780365,1.0,0.9849955911789339,1.0,96.39811929770963,0.0,0.008176704219635011
15,meridian,0.33434866532081964,0.3391902731651618,0.3343486653208196,0.3391902731651618,97.71510008359213,0.0,0.004841607844342177
15,novafab,0.9482854853788469,0.9176010778833806,0.6689642515591289,0.9024199091063877,94.90931500228565,0.030684407495466304,0.0
15,silpure,0.6718824736193398,0.2592941626713645,0.02404113623414673,0.2592941626713645,58.86663756395634,0.4125883109479753,0.0
16,orbitalys,0.31841397496224455,0.7884854246996283,0.3184139749622446,0.03321073798165464,23.332512884433598,0.0,0.4700714497373838
16,aviosys,0.5836354169354855,0.9765244562465489,0.41638831097120677,0.9280116662857141,29.800653116670023,0.0,0.39288903931106345
16,electis,0.8339328073689294,0.9627113461661114,0.6884828574859285,0.6892781473515337,65.38743491695803,0.0,0.12877853879718204
16,compodis,0.9770609373321822,0.999986379055367,0.9310836594602703,0.9999217788670182,91.28772546080795,0.0,0.02292544172318478
16,transglobal,0.9910780690688835,1.0,0.9846973982502922,1.0,96.11581381780272,0.0,0.008921930931116484
16,meridian,0.34951836667601555,0.3879552691326186,0.3495183666760155,0.3879552691326186,86.58281166856712,0.0,0.03843690245660303
16,novafab,0.9600255348548121,0.9176290897112892,0.6686608369729409,0.9016714828149508,93.28513091676304,0.04239644514352292,0.0
16,silpure,0.6779018708512216,0.2704811610638347,0.0179399912176915,0.2704811610638347,59.22509602478708,0.40742070978738687,0.0
17,orbitalys,0.2765967419240847,0.8152312635755798,0.2765967419240846,0.07615631787789912,18.520323491660363,0.0,0.5386345216514952
17,aviosys,0.7901107903042276,1.0,0.7205437777872019,1.0,51.461983452577456,0.0,0.2098892096957724
17,electis,0.8945181743417164,0.9653037016779821,0.7132955518567661,0.7108641806977263,78.02902052829535,0.0,0.07078552733626564
17,compodis,0.9941203584273397,0.9999999999586044,0.979325097838081,0.9999999997739681,97.2943463738898,0.0,0.005879641531264745
17,transglobal,0.9893101772513823,1.0,0.9806603374193832,1.0,95.45980508006947,0.0,0.010689822748617739
17,meridian,0.32879743519226756,0.8109710610232954,0.32879743519226756,0.8109710610232954,22.424668495768003,0.0,0.48217362583102785
17,novafab,0.9616102878437255,0.9076219335501104,0.6353965185223489,0.8870703078618803,91.75368130470054,0.05398835429361504,0.0
17,silpure,0.6874267515799524,0.3033100403611334,0.04374652817411993,0.3033100403611334,60.8714196335741,0.38411671121881896,0.0
18,orbitalys,0.2965974422134501,1.0,0.29659744221345014,1.0,9.666549479415403,0.0,0.7034025577865499
18,aviosys,0.4503629879249923,0.6983991889442605,0.2502178729290485,0.07014338576764234,46.00933723261675,0.0,0.24803620101926815
18,electis,0.81525561500966,0.9652114923043795,0.7112058624716796,0.7100957692031624,61.39486545764402,0.0,0.1499558772947195
18,compodis,0.9978428085699714,1.0,0.9937975293514243,1.0,98.87234708131625,0.0,0.002157191430028571
18,transglobal,0.9918821438353674,1.0,0.9862960208674907,1.0,96.42057192923016,0.0,0.008117856164632564
18,meridian,0.6787710579836003,0.9983934614510749,0.6787710579836003,0.9983934614510749,37.22269327461754,0.0,0.3196224034674746
18,novafab,0.9625187269956779,0.9143537753689055,0.6323255671765248,0.8952564080207372,92.51468094773905,0.04816495162677237,0.0
18,silpure,0.6898316293578148,0.30387487175904737,0.0492541490525848,0.30387487175904737,60.73962087674689,0.38595675759876746,0.0
