alerte,capacite_quais,forme,hauteur_m,hauteur_source,longueur_quai_m,palettes,part_perimetre,quais_par_ha,surface_m2,usage,volume_m3,x,y,zones
,0,complexe,14,bdtopo,0,74865,0.0,0.0,33422,Commercial et services,374326,571067.7,6289205.0,0
,0,complexe,8.2,bdtopo,0,34941,0.0,0.0,26632,Commercial et services,174706,571098.6,6289010.6,0
,0,U/T/Z,8.8,bdtopo,0,29094,0.0,0.0,20663,Industriel,145471,570934.9,6289476.6,0
,29,complexe,14.4,bdtopo,112,32478,0.2,20.6,14096,Indifférencié,162388,570662.3,6293203.4,3
,22,U/T/Z,9.4,bdtopo,85,18689,0.12,17.7,12426,Industriel,93443,571503.0,6291731.2,1
,16,complexe,10.2,bdtopo,59,19276,0.1,13.5,11811,Industriel,96381,570191.9,6292659.7,2
,30,L,11.6,constante,115,21715,0.18,25.6,11700,Indifférencié,108574,569314.5,6294203.2,1
,33,I,14.5,bdtopo,124,23379,0.29,32.7,10077,Industriel,116893,569457.8,6293170.6,3
,7,complexe,9.3,bdtopo,27,14735,0.04,7.1,9902,Industriel,73674,570788.6,6292748.1,1
,9,U/T/Z,8.7,bdtopo,34,13572,0.07,9.2,9750,Industriel,67859,569391.5,6293893.0,1
,30,complexe,9.5,bdtopo,113,14571,0.26,31.3,9586,Industriel,72853,570320.7,6292485.9,3
,41,U/T/Z,10.4,bdtopo,157,14009,0.3,48.7,8419,Industriel,70044,570903.3,6293063.3,4
,0,complexe,8.9,bdtopo,0,11575,0.0,0.0,8129,Commercial et services,57875,571153.0,6289251.6,0
,0,I,12.2,bdtopo,0,15631,0.0,0.0,8007,Industriel,78153,570979.0,6290495.0,0
,6,complexe,10.5,bdtopo,23,12952,0.04,7.8,7709,Industriel,64758,570776.0,6291392.6,1
,0,L,11.6,constante,0,14153,0.0,0.0,7626,Indifférencié,70766,570720.1,6290239.8,0
,0,complexe,7.8,bdtopo,0,9346,0.0,0.0,7489,Industriel,46732,570909.7,6291038.8,0
,0,U/T/Z,8.4,bdtopo,0,9883,0.0,0.0,7353,Commercial et services,49415,571403.9,6289272.3,0
,64,complexe,10.9,bdtopo,244,12644,0.48,88.3,7250,Industriel,63221,570972.4,6292753.3,4
,0,U/T/Z,12.8,bdtopo,0,14079,0.0,0.0,6874,Industriel,70395,570898.5,6292070.2,0
,6,complexe,12.7,bdtopo,23,13707,0.07,8.9,6746,Indifférencié,68534,570552.5,6293330.1,1
,5,complexe,4.4,bdtopo,19,4289,0.04,8.2,6092,Industriel,21446,569208.5,6293783.2,1
,0,complexe,28.2,bdtopo,0,26687,0.0,0.0,5915,Industriel,133437,569942.1,6291989.6,0
,0,L,8.6,bdtopo,0,8061,0.0,0.0,5858,Commercial et services,40303,571653.6,6288078.7,0
,14,complexe,9.6,bdtopo,54,8962,0.13,24.0,5834,Industriel,44808,570661.6,6292988.9,2
,0,I,6.2,bdtopo,0,5651,0.0,0.0,5697,Industriel,28256,569560.8,6293464.0,0
,0,U/T/Z,4.8,bdtopo,0,4310,0.0,0.0,5612,Commercial et services,21549,571420.7,6289216.8,0
,0,I,7.1,bdtopo,0,6374,0.0,0.0,5611,Industriel,31870,571433.7,6288278.6,0
,5,complexe,7.8,bdtopo,19,6913,0.05,9.0,5540,Industriel,34567,571562.2,6288537.4,1
,0,complexe,5.6,bdtopo,0,4944,0.0,0.0,5518,Industriel,24721,571394.1,6290707.9,0
,0,U/T/Z,7.3,bdtopo,0,6217,0.0,0.0,5323,Industriel,31085,569625.9,6292677.6,0
,0,I,7.2,bdtopo,0,6119,0.0,0.0,5312,Industriel,30595,570644.0,6290948.1,0
,0,L,6.9,bdtopo,0,5805,0.0,0.0,5259,Industriel,29027,571817.9,6287396.4,0
,0,I,11.6,constante,0,9634,0.0,0.0,5191,Indifférencié,48171,569689.9,6293746.1,0
,18,complexe,8.3,bdtopo,69,6838,0.18,35.0,5149,Industriel,34191,571419.4,6291603.1,1
,0,U/T/Z,11.5,bdtopo,0,9364,0.0,0.0,5089,Industriel,46821,571275.3,6289809.5,0
,0,complexe,7.7,bdtopo,0,5997,0.0,0.0,4868,Commercial et services,29986,569192.6,6291129.7,0
,0,L,22.5,bdtopo,0,16489,0.0,0.0,4580,Industriel,82446,569931.8,6291662.6,0
,6,complexe,6.6,bdtopo,21,4815,0.06,13.2,4559,Industriel,24073,571561.3,6286968.3,1
,0,complexe,5.7,bdtopo,0,3991,0.0,0.0,4376,Commercial et services,19954,572225.0,6292615.2,0
,12,complexe,9.1,bdtopo,45,6305,0.16,27.7,4330,Industriel,31526,570458.8,6292561.1,1
,0,complexe,9.6,bdtopo,0,6551,0.0,0.0,4265,Industriel,32756,569847.9,6291858.4,0
,7,U/T/Z,9.1,bdtopo,27,6184,0.09,16.5,4247,Industriel,30919,569986.7,6293517.5,1
,0,complexe,7.5,bdtopo,0,5010,0.0,0.0,4175,Industriel,25052,571461.9,6293989.7,0
,0,L,7.9,bdtopo,0,5222,0.0,0.0,4132,Industriel,26112,569959.1,6293005.5,0
,0,I,11.6,constante,0,7506,0.0,0.0,4044,Indifférencié,37530,570736.9,6290173.2,0
,0,I,10.7,bdtopo,0,6745,0.0,0.0,3940,Industriel,33724,571226.8,6291361.3,0
,12,I,10.1,bdtopo,44,6211,0.16,31.2,3843,Industriel,31053,570783.3,6292907.6,1
,5,L,10.7,bdtopo,18,6539,0.06,13.1,3819,Industriel,32693,571015.3,6292559.6,1
,0,I,6.9,bdtopo,0,4153,0.0,0.0,3762,Industriel,20764,571160.2,6290936.8,0
,0,I,9.7,bdtopo,0,5707,0.0,0.0,3677,Industriel,28533,570744.2,6289965.2,0
,9,I,6.1,bdtopo,33,3556,0.13,24.7,3643,Industriel,17778,570888.0,6290315.8,1
,0,I,7.7,bdtopo,0,4460,0.0,0.0,3620,Industriel,22298,569636.6,6292807.3,0
,0,complexe,6.2,bdtopo,0,3567,0.0,0.0,3596,Industriel,17837,569416.8,6293603.1,0
,0,complexe,8.4,bdtopo,0,4828,0.0,0.0,3593,Industriel,24142,571205.7,6290575.3,0
,12,complexe,6.3,bdtopo,44,3535,0.18,34.2,3507,Commercial et services,17675,568335.8,6295591.9,1
,11,complexe,6.2,bdtopo,43,3477,0.12,31.4,3505,Industriel,17385,571149.4,6289871.7,2
,0,complexe,8.2,bdtopo,0,4428,0.0,0.0,3375,Industriel,22141,572067.1,6291260.1,0
,0,complexe,7,bdtopo,0,3778,0.0,0.0,3373,Commercial et services,18890,574886.0,6288166.2,0
,9,complexe,11.1,bdtopo,36,5947,0.13,26.9,3349,Commercial et services,29737,571259.3,6289919.2,1
,0,I,11.2,bdtopo,0,5644,0.0,0.0,3150,Industriel,28220,570652.9,6291332.3,0
,28,L,8,bdtopo,107,4011,0.36,89.3,3134,Industriel,20057,569684.2,6293436.6,2
,0,complexe,6.9,bdtopo,0,3449,0.0,0.0,3124,Commercial et services,17246,571686.7,6287913.9,0
,0,I,8.5,bdtopo,0,4243,0.0,0.0,3120,Industriel,21213,570725.9,6293083.9,0
,0,complexe,7.4,bdtopo,0,3691,0.0,0.0,3117,Industriel,18455,571653.1,6288584.1,0
,0,complexe,8,bdtopo,0,3975,0.0,0.0,3105,Industriel,19873,569354.8,6293438.8,0
,4,complexe,10.1,bdtopo,13,4996,0.04,12.9,3091,Industriel,24978,570834.4,6293277.6,1
,0,complexe,8.3,bdtopo,0,4072,0.0,0.0,3067,Industriel,20362,569489.9,6293657.5,0
,5,complexe,11.8,bdtopo,21,5687,0.09,16.6,3012,Commercial et services,28436,570644.1,6291391.9,1
