semaine_iso,valeur,valeur_rebasee
1981-W01,34383.269,0.075082
1981-W02,34383.269,0.075082
1981-W03,34383.269,0.075082
1981-W04,34383.269,0.075082
1981-W05,34383.269,0.075082
1981-W06,31071.674,0.046746
1981-W07,31071.674,0.046746
1981-W08,31071.674,0.046746
1981-W09,31071.674,0.046746
1981-W10,32736.07,0.060988
1981-W11,32736.07,0.060988
1981-W12,32736.07,0.060988
1981-W13,32736.07,0.060988
1981-W14,31726.132,0.052346
1981-W15,31726.132,0.052346
1981-W16,31726.132,0.052346
1981-W17,31726.132,0.052346
1981-W18,31726.132,0.052346
1981-W19,32988.198,0.063145
1981-W20,32988.198,0.063145
1981-W21,32988.198,0.063145
1981-W22,32988.198,0.063145
1981-W23,31310.313,0.048788
1981-W24,31310.313,0.048788
1981-W25,31310.313,0.048788
1981-W26,31310.313,0.048788
1981-W27,31691.633,0.052051
1981-W28,31691.633,0.052051
1981-W29,31691.633,0.052051
1981-W30,31691.633,0.052051
1981-W31,31691.633,0.052051
1981-W32,27799.719,0.01875
1981-W33,27799.719,0.01875
1981-W34,27799.719,0.01875
1981-W35,27799.719,0.01875
1981-W36,30083.665,0.038292
1981-W37,30083.665,0.038292
1981-W38,30083.665,0.038292
1981-W39,30083.665,0.038292
1981-W40,30976.063,0.045928
1981-W41,30976.063,0.045928
1981-W42,30976.063,0.045928
1981-W43,30976.063,0.045928
1981-W44,30976.063,0.045928
1981-W45,33188.599,0.06486
1981-W46,33188.599,0.06486
1981-W47,33188.599,0.06486
1981-W48,33188.599,0.06486
1981-W49,40051.255,0.123579
1981-W50,40051.255,0.123579
1981-W51,40051.255,0.123579
1981-W52,40051.255,0.123579
1981-W53,40051.255,0.123579
1982-W01,41297.516,0.134243
1982-W02,41297.516,0.134243
1982-W03,41297.516,0.134243
1982-W04,41297.516,0.134243
1982-W05,36304.709,0.091522
1982-W06,36304.709,0.091522
1982-W07,36304.709,0.091522
1982-W08,36304.709,0.091522
1982-W09,37517.362,0.101898
1982-W10,37517.362,0.101898
1982-W11,37517.362,0.101898
1982-W12,37517.362,0.101898
1982-W13,35078.485,0.08103
1982-W14,35078.485,0.08103
1982-W15,35078.485,0.08103
1982-W16,35078.485,0.08103
1982-W17,35078.485,0.08103
1982-W18,32278.661,0.057074
1982-W19,32278.661,0.057074
1982-W20,32278.661,0.057074
1982-W21,32278.661,0.057074
1982-W22,29259.907,0.031244
1982-W23,29259.907,0.031244
1982-W24,29259.907,0.031244
1982-W25,29259.907,0.031244
1982-W26,29994.697,0.037531
1982-W27,29994.697,0.037531
1982-W28,29994.697,0.037531
1982-W29,29994.697,0.037531
1982-W30,29994.697,0.037531
1982-W31,25608.371,0.0
1982-W32,25608.371,0.0
1982-W33,25608.371,0.0
1982-W34,25608.371,0.0
1982-W35,26503.533,0.007659
1982-W36,26503.533,0.007659
1982-W37,26503.533,0.007659
1982-W38,26503.533,0.007659
1982-W39,26503.533,0.007659
1982-W40,26641.238,0.008838
1982-W41,26641.238,0.008838
1982-W42,26641.238,0.008838
1982-W43,26641.238,0.008838
1982-W44,31371.504,0.049312
1982-W45,31371.504,0.049312
1982-W46,31371.504,0.049312
1982-W47,31371.504,0.049312
1982-W48,46363.031,0.177586
1982-W49,46363.031,0.177586
1982-W50,46363.031,0.177586
1982-W51,46363.031,0.177586
1982-W52,46363.031,0.177586
1983-W01,48112.696,0.192556
1983-W02,48112.696,0.192556
1983-W03,48112.696,0.192556
1983-W04,48112.696,0.192556
1983-W05,39886.86,0.122173
1983-W06,39886.86,0.122173
1983-W07,39886.86,0.122173
1983-W08,39886.86,0.122173
1983-W09,40357.747,0.126202
1983-W10,40357.747,0.126202
1983-W11,40357.747,0.126202
1983-W12,40357.747,0.126202
1983-W13,40357.747,0.126202
1983-W14,37603.536,0.102636
1983-W15,37603.536,0.102636
1983-W16,37603.536,0.102636
1983-W17,37603.536,0.102636
1983-W18,35883.272,0.087916
1983-W19,35883.272,0.087916
1983-W20,35883.272,0.087916
1983-W21,35883.272,0.087916
1983-W22,34071.306,0.072412
1983-W23,34071.306,0.072412
1983-W24,34071.306,0.072412
1983-W25,34071.306,0.072412
1983-W26,34071.306,0.072412
1983-W27,38243.195,0.108109
1983-W28,38243.195,0.108109
1983-W29,38243.195,0.108109
1983-W30,38243.195,0.108109
1983-W31,39381.809,0.117851
1983-W32,39381.809,0.117851
1983-W33,39381.809,0.117851
1983-W34,39381.809,0.117851
1983-W35,40888.418,0.130742
1983-W36,40888.418,0.130742
1983-W37,40888.418,0.130742
1983-W38,40888.418,0.130742
1983-W39,40888.418,0.130742
1983-W40,42353.941,0.143282
1983-W41,42353.941,0.143282
1983-W42,42353.941,0.143282
1983-W43,42353.941,0.143282
1983-W44,44078.491,0.158038
1983-W45,44078.491,0.158038
1983-W46,44078.491,0.158038
1983-W47,44078.491,0.158038
1983-W48,54583.384,0.247922
1983-W49,54583.384,0.247922
1983-W50,54583.384,0.247922
1983-W51,54583.384,0.247922
1983-W52,54583.384,0.247922
1984-W01,58831.732,0.284273
1984-W02,58831.732,0.284273
1984-W03,58831.732,0.284273
1984-W04,58831.732,0.284273
1984-W05,56684.242,0.265898
1984-W06,56684.242,0.265898
1984-W07,56684.242,0.265898
1984-W08,56684.242,0.265898
1984-W09,56988.264,0.2685
1984-W10,56988.264,0.2685
1984-W11,56988.264,0.2685
1984-W12,56988.264,0.2685
1984-W13,56988.264,0.2685
1984-W14,49671.319,0.205893
1984-W15,49671.319,0.205893
1984-W16,49671.319,0.205893
1984-W17,49671.319,0.205893
1984-W18,46870.918,0.181931
1984-W19,46870.918,0.181931
1984-W20,46870.918,0.181931
1984-W21,46870.918,0.181931
1984-W22,46870.918,0.181931
1984-W23,44600.107,0.162501
1984-W24,44600.107,0.162501
1984-W25,44600.107,0.162501
1984-W26,44600.107,0.162501
1984-W27,43421.094,0.152413
1984-W28,43421.094,0.152413
1984-W29,43421.094,0.152413
1984-W30,43421.094,0.152413
1984-W31,41753.301,0.138143
1984-W32,41753.301,0.138143
1984-W33,41753.301,0.138143
1984-W34,41753.301,0.138143
1984-W35,41753.301,0.138143
1984-W36,46718.325,0.180626
1984-W37,46718.325,0.180626
1984-W38,46718.325,0.180626
1984-W39,46718.325,0.180626
1984-W40,52718.079,0.231962
1984-W41,52718.079,0.231962
1984-W42,52718.079,0.231962
1984-W43,52718.079,0.231962
1984-W44,57334.56,0.271463
1984-W45,57334.56,0.271463
1984-W46,57334.56,0.271463
1984-W47,57334.56,0.271463
1984-W48,57334.56,0.271463
1984-W49,67513.897,0.358561
1984-W50,67513.897,0.358561
1984-W51,67513.897,0.358561
1984-W52,67513.897,0.358561
1985-W01,71532.916,0.39295
1985-W02,71532.916,0.39295
1985-W03,71532.916,0.39295
1985-W04,71532.916,0.39295
1985-W05,71532.916,0.39295
1985-W06,62429.184,0.315054
1985-W07,62429.184,0.315054
1985-W08,62429.184,0.315054
1985-W09,62429.184,0.315054
1985-W10,66969.996,0.353907
1985-W11,66969.996,0.353907
1985-W12,66969.996,0.353907
1985-W13,66969.996,0.353907
1985-W14,58068.247,0.27774
1985-W15,58068.247,0.27774
1985-W16,58068.247,0.27774
1985-W17,58068.247,0.27774
1985-W18,53756.655,0.240849
1985-W19,53756.655,0.240849
1985-W20,53756.655,0.240849
1985-W21,53756.655,0.240849
1985-W22,53756.655,0.240849
1985-W23,46876.896,0.181982
1985-W24,46876.896,0.181982
1985-W25,46876.896,0.181982
1985-W26,46876.896,0.181982
1985-W27,52460.803,0.229761
1985-W28,52460.803,0.229761
1985-W29,52460.803,0.229761
1985-W30,52460.803,0.229761
1985-W31,49116.581,0.201146
1985-W32,49116.581,0.201146
1985-W33,49116.581,0.201146
1985-W34,49116.581,0.201146
1985-W35,49116.581,0.201146
1985-W36,53349.472,0.237364
1985-W37,53349.472,0.237364
1985-W38,53349.472,0.237364
1985-W39,53349.472,0.237364
1985-W40,61359.846,0.305905
1985-W41,61359.846,0.305905
1985-W42,61359.846,0.305905
1985-W43,61359.846,0.305905
1985-W44,61359.846,0.305905
1985-W45,69189.846,0.372901
1985-W46,69189.846,0.372901
1985-W47,69189.846,0.372901
1985-W48,69189.846,0.372901
1985-W49,74952.154,0.422206
1985-W50,74952.154,0.422206
1985-W51,74952.154,0.422206
1985-W52,74952.154,0.422206
1986-W01,80665.694,0.471094
1986-W02,80665.694,0.471094
1986-W03,80665.694,0.471094
1986-W04,80665.694,0.471094
1986-W05,80665.694,0.471094
1986-W06,73366.727,0.408641
1986-W07,73366.727,0.408641
1986-W08,73366.727,0.408641
1986-W09,73366.727,0.408641
1986-W10,75227.223,0.42456
1986-W11,75227.223,0.42456
1986-W12,75227.223,0.42456
1986-W13,75227.223,0.42456
1986-W14,68706.192,0.368763
1986-W15,68706.192,0.368763
1986-W16,68706.192,0.368763
1986-W17,68706.192,0.368763
1986-W18,55440.699,0.255258
1986-W19,55440.699,0.255258
1986-W20,55440.699,0.255258
1986-W21,55440.699,0.255258
1986-W22,55440.699,0.255258
1986-W23,56119.851,0.261069
1986-W24,56119.851,0.261069
1986-W25,56119.851,0.261069
1986-W26,56119.851,0.261069
1986-W27,60513.062,0.298659
1986-W28,60513.062,0.298659
1986-W29,60513.062,0.298659
1986-W30,60513.062,0.298659
1986-W31,60513.062,0.298659
1986-W32,53030.954,0.234639
1986-W33,53030.954,0.234639
1986-W34,53030.954,0.234639
1986-W35,53030.954,0.234639
1986-W36,58501.224,0.281445
1986-W37,58501.224,0.281445
1986-W38,58501.224,0.281445
1986-W39,58501.224,0.281445
1986-W40,68981.621,0.37112
1986-W41,68981.621,0.37112
1986-W42,68981.621,0.37112
1986-W43,68981.621,0.37112
1986-W44,68981.621,0.37112
1986-W45,74436.98,0.417798
1986-W46,74436.98,0.417798
1986-W47,74436.98,0.417798
1986-W48,74436.98,0.417798
1986-W49,85084.078,0.508899
1986-W50,85084.078,0.508899
1986-W51,85084.078,0.508899
1986-W52,85084.078,0.508899
1987-W01,87511.919,0.529673
1987-W02,87511.919,0.529673
1987-W03,87511.919,0.529673
1987-W04,87511.919,0.529673
1987-W05,87511.919,0.529673
1987-W06,79505.457,0.461166
1987-W07,79505.457,0.461166
1987-W08,79505.457,0.461166
1987-W09,79505.457,0.461166
1987-W10,82438.495,0.486262
1987-W11,82438.495,0.486262
1987-W12,82438.495,0.486262
1987-W13,82438.495,0.486262
1987-W14,66375.394,0.34882
1987-W15,66375.394,0.34882
1987-W16,66375.394,0.34882
1987-W17,66375.394,0.34882
1987-W18,66375.394,0.34882
1987-W19,64844.356,0.33572
1987-W20,64844.356,0.33572
1987-W21,64844.356,0.33572
1987-W22,64844.356,0.33572
1987-W23,63070.243,0.320539
1987-W24,63070.243,0.320539
1987-W25,63070.243,0.320539
1987-W26,63070.243,0.320539
1987-W27,59635.232,0.291148
1987-W28,59635.232,0.291148
1987-W29,59635.232,0.291148
1987-W30,59635.232,0.291148
1987-W31,59635.232,0.291148
1987-W32,52011.907,0.22592
1987-W33,52011.907,0.22592
1987-W34,52011.907,0.22592
1987-W35,52011.907,0.22592
1987-W36,63225.381,0.321867
1987-W37,63225.381,0.321867
1987-W38,63225.381,0.321867
1987-W39,63225.381,0.321867
1987-W40,66477.79,0.349696
1987-W41,66477.79,0.349696
1987-W42,66477.79,0.349696
1987-W43,66477.79,0.349696
1987-W44,66477.79,0.349696
1987-W45,77604.939,0.444904
1987-W46,77604.939,0.444904
1987-W47,77604.939,0.444904
1987-W48,77604.939,0.444904
1987-W49,85322.256,0.510937
1987-W50,85322.256,0.510937
1987-W51,85322.256,0.510937
1987-W52,85322.256,0.510937
1987-W53,85322.256,0.510937
1988-W01,83947.104,0.499171
1988-W02,83947.104,0.499171
1988-W03,83947.104,0.499171
1988-W04,83947.104,0.499171
1988-W05,79533.818,0.461409
1988-W06,79533.818,0.461409
1988-W07,79533.818,0.461409
1988-W08,79533.818,0.461409
1988-W09,84070.323,0.500225
1988-W10,84070.323,0.500225
1988-W11,84070.323,0.500225
1988-W12,84070.323,0.500225
1988-W13,84070.323,0.500225
1988-W14,68646.49,0.368252
1988-W15,68646.49,0.368252
1988-W16,68646.49,0.368252
1988-W17,68646.49,0.368252
1988-W18,62119.561,0.312405
1988-W19,62119.561,0.312405
1988-W20,62119.561,0.312405
1988-W21,62119.561,0.312405
1988-W22,64782.468,0.33519
1988-W23,64782.468,0.33519
1988-W24,64782.468,0.33519
1988-W25,64782.468,0.33519
1988-W26,64782.468,0.33519
1988-W27,65443.311,0.340844
1988-W28,65443.311,0.340844
1988-W29,65443.311,0.340844
1988-W30,65443.311,0.340844
1988-W31,64175.179,0.329994
1988-W32,64175.179,0.329994
1988-W33,64175.179,0.329994
1988-W34,64175.179,0.329994
1988-W35,72045.386,0.397335
1988-W36,72045.386,0.397335
1988-W37,72045.386,0.397335
1988-W38,72045.386,0.397335
1988-W39,72045.386,0.397335
1988-W40,74800.685,0.42091
1988-W41,74800.685,0.42091
1988-W42,74800.685,0.42091
1988-W43,74800.685,0.42091
1988-W44,73964.287,0.413753
1988-W45,73964.287,0.413753
1988-W46,73964.287,0.413753
1988-W47,73964.287,0.413753
1988-W48,83376.654,0.49429
1988-W49,83376.654,0.49429
1988-W50,83376.654,0.49429
1988-W51,83376.654,0.49429
1988-W52,83376.654,0.49429
1989-W01,92524.588,0.572563
1989-W02,92524.588,0.572563
1989-W03,92524.588,0.572563
1989-W04,92524.588,0.572563
1989-W05,81836.049,0.481108
1989-W06,81836.049,0.481108
1989-W07,81836.049,0.481108
1989-W08,81836.049,0.481108
1989-W09,85591.652,0.513242
1989-W10,85591.652,0.513242
1989-W11,85591.652,0.513242
1989-W12,85591.652,0.513242
1989-W13,85591.652,0.513242
1989-W14,82325.028,0.485291
1989-W15,82325.028,0.485291
1989-W16,82325.028,0.485291
1989-W17,82325.028,0.485291
1989-W18,70778.46,0.386494
1989-W19,70778.46,0.386494
1989-W20,70778.46,0.386494
1989-W21,70778.46,0.386494
1989-W22,74959.402,0.422268
1989-W23,74959.402,0.422268
1989-W24,74959.402,0.422268
1989-W25,74959.402,0.422268
1989-W26,74959.402,0.422268
1989-W27,72334.138,0.399805
1989-W28,72334.138,0.399805
1989-W29,72334.138,0.399805
1989-W30,72334.138,0.399805
1989-W31,65444.243,0.340852
1989-W32,65444.243,0.340852
1989-W33,65444.243,0.340852
1989-W34,65444.243,0.340852
1989-W35,65444.243,0.340852
1989-W36,68085.122,0.363449
1989-W37,68085.122,0.363449
1989-W38,68085.122,0.363449
1989-W39,68085.122,0.363449
1989-W40,73443.238,0.409295
1989-W41,73443.238,0.409295
1989-W42,73443.238,0.409295
1989-W43,73443.238,0.409295
1989-W44,76113.545,0.432143
1989-W45,76113.545,0.432143
1989-W46,76113.545,0.432143
1989-W47,76113.545,0.432143
1989-W48,76113.545,0.432143
1989-W49,86385.552,0.520035
1989-W50,86385.552,0.520035
1989-W51,86385.552,0.520035
1989-W52,86385.552,0.520035
1990-W01,88343.743,0.53679
1990-W02,88343.743,0.53679
1990-W03,88343.743,0.53679
1990-W04,88343.743,0.53679
1990-W05,73382.061,0.408772
1990-W06,73382.061,0.408772
1990-W07,73382.061,0.408772
1990-W08,73382.061,0.408772
1990-W09,81041.653,0.47431
1990-W10,81041.653,0.47431
1990-W11,81041.653,0.47431
1990-W12,81041.653,0.47431
1990-W13,81041.653,0.47431
1990-W14,81422.306,0.477567
1990-W15,81422.306,0.477567
1990-W16,81422.306,0.477567
1990-W17,81422.306,0.477567
1990-W18,73862.474,0.412882
1990-W19,73862.474,0.412882
1990-W20,73862.474,0.412882
1990-W21,73862.474,0.412882
1990-W22,73862.474,0.412882
1990-W23,74623.951,0.419398
1990-W24,74623.951,0.419398
1990-W25,74623.951,0.419398
1990-W26,74623.951,0.419398
1990-W27,76313.369,0.433853
1990-W28,76313.369,0.433853
1990-W29,76313.369,0.433853
1990-W30,76313.369,0.433853
1990-W31,73530.119,0.410039
1990-W32,73530.119,0.410039
1990-W33,73530.119,0.410039
1990-W34,73530.119,0.410039
1990-W35,73530.119,0.410039
1990-W36,80074.569,0.466036
1990-W37,80074.569,0.466036
1990-W38,80074.569,0.466036
1990-W39,80074.569,0.466036
1990-W40,83245.261,0.493165
1990-W41,83245.261,0.493165
1990-W42,83245.261,0.493165
1990-W43,83245.261,0.493165
1990-W44,82517.011,0.486934
1990-W45,82517.011,0.486934
1990-W46,82517.011,0.486934
1990-W47,82517.011,0.486934
1990-W48,82517.011,0.486934
1990-W49,94444.081,0.588987
1990-W50,94444.081,0.588987
1990-W51,94444.081,0.588987
1990-W52,94444.081,0.588987
1991-W01,103315.121,0.664892
1991-W02,103315.121,0.664892
1991-W03,103315.121,0.664892
1991-W04,103315.121,0.664892
1991-W05,103315.121,0.664892
1991-W06,92572.962,0.572977
1991-W07,92572.962,0.572977
1991-W08,92572.962,0.572977
1991-W09,92572.962,0.572977
1991-W10,87361.33,0.528384
1991-W11,87361.33,0.528384
1991-W12,87361.33,0.528384
1991-W13,87361.33,0.528384
1991-W14,77939.026,0.447763
1991-W15,77939.026,0.447763
1991-W16,77939.026,0.447763
1991-W17,77939.026,0.447763
1991-W18,77221.998,0.441628
1991-W19,77221.998,0.441628
1991-W20,77221.998,0.441628
1991-W21,77221.998,0.441628
1991-W22,77221.998,0.441628
1991-W23,73126.334,0.406584
1991-W24,73126.334,0.406584
1991-W25,73126.334,0.406584
1991-W26,73126.334,0.406584
1991-W27,73298.051,0.408053
1991-W28,73298.051,0.408053
1991-W29,73298.051,0.408053
1991-W30,73298.051,0.408053
1991-W31,73216.745,0.407357
1991-W32,73216.745,0.407357
1991-W33,73216.745,0.407357
1991-W34,73216.745,0.407357
1991-W35,73216.745,0.407357
1991-W36,76558.059,0.435947
1991-W37,76558.059,0.435947
1991-W38,76558.059,0.435947
1991-W39,76558.059,0.435947
1991-W40,86846.002,0.523975
1991-W41,86846.002,0.523975
1991-W42,86846.002,0.523975
1991-W43,86846.002,0.523975
1991-W44,86846.002,0.523975
1991-W45,91931.037,0.567485
1991-W46,91931.037,0.567485
1991-W47,91931.037,0.567485
1991-W48,91931.037,0.567485
1991-W49,100409.427,0.640029
1991-W50,100409.427,0.640029
1991-W51,100409.427,0.640029
1991-W52,100409.427,0.640029
1992-W01,102411.89,0.657163
1992-W02,102411.89,0.657163
1992-W03,102411.89,0.657163
1992-W04,102411.89,0.657163
1992-W05,102411.89,0.657163
1992-W06,91532.907,0.564078
1992-W07,91532.907,0.564078
1992-W08,91532.907,0.564078
1992-W09,91532.907,0.564078
1992-W10,94552.373,0.589914
1992-W11,94552.373,0.589914
1992-W12,94552.373,0.589914
1992-W13,94552.373,0.589914
1992-W14,86118.167,0.517747
1992-W15,86118.167,0.517747
1992-W16,86118.167,0.517747
1992-W17,86118.167,0.517747
1992-W18,86118.167,0.517747
1992-W19,78963.972,0.456533
1992-W20,78963.972,0.456533
1992-W21,78963.972,0.456533
1992-W22,78963.972,0.456533
1992-W23,72791.349,0.403717
1992-W24,72791.349,0.403717
1992-W25,72791.349,0.403717
1992-W26,72791.349,0.403717
1992-W27,77039.396,0.440065
1992-W28,77039.396,0.440065
1992-W29,77039.396,0.440065
1992-W30,77039.396,0.440065
1992-W31,77039.396,0.440065
1992-W32,75578.929,0.427569
1992-W33,75578.929,0.427569
1992-W34,75578.929,0.427569
1992-W35,75578.929,0.427569
1992-W36,79250.292,0.458983
1992-W37,79250.292,0.458983
1992-W38,79250.292,0.458983
1992-W39,79250.292,0.458983
1992-W40,90456.729,0.55487
1992-W41,90456.729,0.55487
1992-W42,90456.729,0.55487
1992-W43,90456.729,0.55487
1992-W44,90456.729,0.55487
1992-W45,92702.447,0.574085
1992-W46,92702.447,0.574085
1992-W47,92702.447,0.574085
1992-W48,92702.447,0.574085
1992-W49,104422.321,0.674365
1992-W50,104422.321,0.674365
1992-W51,104422.321,0.674365
1992-W52,104422.321,0.674365
1992-W53,104422.321,0.674365
1993-W01,108194.865,0.706645
1993-W02,108194.865,0.706645
1993-W03,108194.865,0.706645
1993-W04,108194.865,0.706645
1993-W05,99097.31,0.628802
1993-W06,99097.31,0.628802
1993-W07,99097.31,0.628802
1993-W08,99097.31,0.628802
1993-W09,102860.963,0.661006
1993-W10,102860.963,0.661006
1993-W11,102860.963,0.661006
1993-W12,102860.963,0.661006
1993-W13,92325.2,0.570857
1993-W14,92325.2,0.570857
1993-W15,92325.2,0.570857
1993-W16,92325.2,0.570857
1993-W17,92325.2,0.570857
1993-W18,82496.275,0.486757
1993-W19,82496.275,0.486757
1993-W20,82496.275,0.486757
1993-W21,82496.275,0.486757
1993-W22,79151.962,0.458141
1993-W23,79151.962,0.458141
1993-W24,79151.962,0.458141
1993-W25,79151.962,0.458141
1993-W26,83473.532,0.495119
1993-W27,83473.532,0.495119
1993-W28,83473.532,0.495119
1993-W29,83473.532,0.495119
1993-W30,83473.532,0.495119
1993-W31,79510.871,0.461212
1993-W32,79510.871,0.461212
1993-W33,79510.871,0.461212
1993-W34,79510.871,0.461212
1993-W35,87587.685,0.530321
1993-W36,87587.685,0.530321
1993-W37,87587.685,0.530321
1993-W38,87587.685,0.530321
1993-W39,87587.685,0.530321
1993-W40,91282.196,0.561933
1993-W41,91282.196,0.561933
1993-W42,91282.196,0.561933
1993-W43,91282.196,0.561933
1993-W44,104058.802,0.671255
1993-W45,104058.802,0.671255
1993-W46,104058.802,0.671255
1993-W47,104058.802,0.671255
1993-W48,112912.384,0.74701
1993-W49,112912.384,0.74701
1993-W50,112912.384,0.74701
1993-W51,112912.384,0.74701
1993-W52,112912.384,0.74701
1994-W01,108478.408,0.709071
1994-W02,108478.408,0.709071
1994-W03,108478.408,0.709071
1994-W04,108478.408,0.709071
1994-W05,96049.362,0.602723
1994-W06,96049.362,0.602723
1994-W07,96049.362,0.602723
1994-W08,96049.362,0.602723
1994-W09,94505.679,0.589514
1994-W10,94505.679,0.589514
1994-W11,94505.679,0.589514
1994-W12,94505.679,0.589514
1994-W13,94505.679,0.589514
1994-W14,89809.716,0.549334
1994-W15,89809.716,0.549334
1994-W16,89809.716,0.549334
1994-W17,89809.716,0.549334
1994-W18,79042.532,0.457205
1994-W19,79042.532,0.457205
1994-W20,79042.532,0.457205
1994-W21,79042.532,0.457205
1994-W22,79582.557,0.461826
1994-W23,79582.557,0.461826
1994-W24,79582.557,0.461826
1994-W25,79582.557,0.461826
1994-W26,79582.557,0.461826
1994-W27,85462.909,0.512141
1994-W28,85462.909,0.512141
1994-W29,85462.909,0.512141
1994-W30,85462.909,0.512141
1994-W31,83995.926,0.499588
1994-W32,83995.926,0.499588
1994-W33,83995.926,0.499588
1994-W34,83995.926,0.499588
1994-W35,87862.996,0.532677
1994-W36,87862.996,0.532677
1994-W37,87862.996,0.532677
1994-W38,87862.996,0.532677
1994-W39,87862.996,0.532677
1994-W40,94319.336,0.58792
1994-W41,94319.336,0.58792
1994-W42,94319.336,0.58792
1994-W43,94319.336,0.58792
1994-W44,97446.078,0.614674
1994-W45,97446.078,0.614674
1994-W46,97446.078,0.614674
1994-W47,97446.078,0.614674
1994-W48,112932.75,0.747184
1994-W49,112932.75,0.747184
1994-W50,112932.75,0.747184
1994-W51,112932.75,0.747184
1994-W52,112932.75,0.747184
1995-W01,118846.706,0.797786
1995-W02,118846.706,0.797786
1995-W03,118846.706,0.797786
1995-W04,118846.706,0.797786
1995-W05,97703.129,0.616873
1995-W06,97703.129,0.616873
1995-W07,97703.129,0.616873
1995-W08,97703.129,0.616873
1995-W09,106100.405,0.688724
1995-W10,106100.405,0.688724
1995-W11,106100.405,0.688724
1995-W12,106100.405,0.688724
1995-W13,106100.405,0.688724
1995-W14,93646.888,0.582166
1995-W15,93646.888,0.582166
1995-W16,93646.888,0.582166
1995-W17,93646.888,0.582166
1995-W18,87177.574,0.526812
1995-W19,87177.574,0.526812
1995-W20,87177.574,0.526812
1995-W21,87177.574,0.526812
1995-W22,83171.935,0.492538
1995-W23,83171.935,0.492538
1995-W24,83171.935,0.492538
1995-W25,83171.935,0.492538
1995-W26,83171.935,0.492538
1995-W27,85753.309,0.514625
1995-W28,85753.309,0.514625
1995-W29,85753.309,0.514625
1995-W30,85753.309,0.514625
1995-W31,86194.324,0.518399
1995-W32,86194.324,0.518399
1995-W33,86194.324,0.518399
1995-W34,86194.324,0.518399
1995-W35,86194.324,0.518399
1995-W36,83786.581,0.497797
1995-W37,83786.581,0.497797
1995-W38,83786.581,0.497797
1995-W39,83786.581,0.497797
1995-W40,92854.579,0.575387
1995-W41,92854.579,0.575387
1995-W42,92854.579,0.575387
1995-W43,92854.579,0.575387
1995-W44,103171.694,0.663664
1995-W45,103171.694,0.663664
1995-W46,103171.694,0.663664
1995-W47,103171.694,0.663664
1995-W48,103171.694,0.663664
1995-W49,111812.663,0.7376
1995-W50,111812.663,0.7376
1995-W51,111812.663,0.7376
1995-W52,111812.663,0.7376
1996-W01,118094.769,0.791352
1996-W02,118094.769,0.791352
1996-W03,118094.769,0.791352
1996-W04,118094.769,0.791352
1996-W05,109711.959,0.719626
1996-W06,109711.959,0.719626
1996-W07,109711.959,0.719626
1996-W08,109711.959,0.719626
1996-W09,109711.959,0.719626
1996-W10,109356.335,0.716583
1996-W11,109356.335,0.716583
1996-W12,109356.335,0.716583
1996-W13,109356.335,0.716583
1996-W14,100074.243,0.637161
1996-W15,100074.243,0.637161
1996-W16,100074.243,0.637161
1996-W17,100074.243,0.637161
1996-W18,92835.289,0.575222
1996-W19,92835.289,0.575222
1996-W20,92835.289,0.575222
1996-W21,92835.289,0.575222
1996-W22,92835.289,0.575222
1996-W23,84349.805,0.502616
1996-W24,84349.805,0.502616
1996-W25,84349.805,0.502616
1996-W26,84349.805,0.502616
1996-W27,90991.241,0.559443
1996-W28,90991.241,0.559443
1996-W29,90991.241,0.559443
1996-W30,90991.241,0.559443
1996-W31,88886.538,0.541435
1996-W32,88886.538,0.541435
1996-W33,88886.538,0.541435
1996-W34,88886.538,0.541435
1996-W35,88886.538,0.541435
1996-W36,91853.388,0.56682
1996-W37,91853.388,0.56682
1996-W38,91853.388,0.56682
1996-W39,91853.388,0.56682
1996-W40,101470.371,0.649107
1996-W41,101470.371,0.649107
1996-W42,101470.371,0.649107
1996-W43,101470.371,0.649107
1996-W44,101470.371,0.649107
1996-W45,105792.518,0.686089
1996-W46,105792.518,0.686089
1996-W47,105792.518,0.686089
1996-W48,105792.518,0.686089
1996-W49,112850.473,0.74648
1996-W50,112850.473,0.74648
1996-W51,112850.473,0.74648
1996-W52,112850.473,0.74648
1997-W01,115455.936,0.768773
1997-W02,115455.936,0.768773
1997-W03,115455.936,0.768773
1997-W04,115455.936,0.768773
1997-W05,115455.936,0.768773
1997-W06,100069.051,0.637117
1997-W07,100069.051,0.637117
1997-W08,100069.051,0.637117
1997-W09,100069.051,0.637117
1997-W10,103601.809,0.667345
1997-W11,103601.809,0.667345
1997-W12,103601.809,0.667345
1997-W13,103601.809,0.667345
1997-W14,104592.731,0.675823
1997-W15,104592.731,0.675823
1997-W16,104592.731,0.675823
1997-W17,104592.731,0.675823
1997-W18,95240.642,0.595803
1997-W19,95240.642,0.595803
1997-W20,95240.642,0.595803
1997-W21,95240.642,0.595803
1997-W22,95240.642,0.595803
1997-W23,89335.374,0.545275
1997-W24,89335.374,0.545275
1997-W25,89335.374,0.545275
1997-W26,89335.374,0.545275
1997-W27,93152.235,0.577934
1997-W28,93152.235,0.577934
1997-W29,93152.235,0.577934
1997-W30,93152.235,0.577934
1997-W31,93152.235,0.577934
1997-W32,89206.155,0.544169
1997-W33,89206.155,0.544169
1997-W34,89206.155,0.544169
1997-W35,89206.155,0.544169
1997-W36,91433.315,0.563226
1997-W37,91433.315,0.563226
1997-W38,91433.315,0.563226
1997-W39,91433.315,0.563226
1997-W40,102656.217,0.659254
1997-W41,102656.217,0.659254
1997-W42,102656.217,0.659254
1997-W43,102656.217,0.659254
1997-W44,102656.217,0.659254
1997-W45,105088.645,0.680067
1997-W46,105088.645,0.680067
1997-W47,105088.645,0.680067
1997-W48,105088.645,0.680067
1997-W49,111484.777,0.734795
1997-W50,111484.777,0.734795
1997-W51,111484.777,0.734795
1997-W52,111484.777,0.734795
1998-W01,118224.063,0.792459
1998-W02,118224.063,0.792459
1998-W03,118224.063,0.792459
1998-W04,118224.063,0.792459
1998-W05,118224.063,0.792459
1998-W06,106241.757,0.689933
1998-W07,106241.757,0.689933
1998-W08,106241.757,0.689933
1998-W09,106241.757,0.689933
1998-W10,107855.742,0.703743
1998-W11,107855.742,0.703743
1998-W12,107855.742,0.703743
1998-W13,107855.742,0.703743
1998-W14,96318.609,0.605026
1998-W15,96318.609,0.605026
1998-W16,96318.609,0.605026
1998-W17,96318.609,0.605026
1998-W18,96318.609,0.605026
1998-W19,91200.974,0.561238
1998-W20,91200.974,0.561238
1998-W21,91200.974,0.561238
1998-W22,91200.974,0.561238
1998-W23,87973.029,0.533618
1998-W24,87973.029,0.533618
1998-W25,87973.029,0.533618
1998-W26,87973.029,0.533618
1998-W27,89604.747,0.54758
1998-W28,89604.747,0.54758
1998-W29,89604.747,0.54758
1998-W30,89604.747,0.54758
1998-W31,89604.747,0.54758
1998-W32,79970.295,0.465143
1998-W33,79970.295,0.465143
1998-W34,79970.295,0.465143
1998-W35,79970.295,0.465143
1998-W36,88409.591,0.537354
1998-W37,88409.591,0.537354
1998-W38,88409.591,0.537354
1998-W39,88409.591,0.537354
1998-W40,101829.59,0.652181
1998-W41,101829.59,0.652181
1998-W42,101829.59,0.652181
1998-W43,101829.59,0.652181
1998-W44,101829.59,0.652181
1998-W45,105656.831,0.684928
1998-W46,105656.831,0.684928
1998-W47,105656.831,0.684928
1998-W48,105656.831,0.684928
1998-W49,110488.633,0.726271
1998-W50,110488.633,0.726271
1998-W51,110488.633,0.726271
1998-W52,110488.633,0.726271
1998-W53,110488.633,0.726271
1999-W01,115516.754,0.769294
1999-W02,115516.754,0.769294
1999-W03,115516.754,0.769294
1999-W04,115516.754,0.769294
1999-W05,103191.383,0.663833
1999-W06,103191.383,0.663833
1999-W07,103191.383,0.663833
1999-W08,103191.383,0.663833
1999-W09,105818.439,0.686311
1999-W10,105818.439,0.686311
1999-W11,105818.439,0.686311
1999-W12,105818.439,0.686311
1999-W13,102429.669,0.657315
1999-W14,102429.669,0.657315
1999-W15,102429.669,0.657315
1999-W16,102429.669,0.657315
1999-W17,102429.669,0.657315
1999-W18,89310.899,0.545066
1999-W19,89310.899,0.545066
1999-W20,89310.899,0.545066
1999-W21,89310.899,0.545066
1999-W22,89363.358,0.545514
1999-W23,89363.358,0.545514
1999-W24,89363.358,0.545514
1999-W25,89363.358,0.545514
1999-W26,96351.739,0.60531
1999-W27,96351.739,0.60531
1999-W28,96351.739,0.60531
1999-W29,96351.739,0.60531
1999-W30,96351.739,0.60531
1999-W31,91203.716,0.561261
1999-W32,91203.716,0.561261
1999-W33,91203.716,0.561261
1999-W34,91203.716,0.561261
1999-W35,94396.223,0.588578
1999-W36,94396.223,0.588578
1999-W37,94396.223,0.588578
1999-W38,94396.223,0.588578
1999-W39,94396.223,0.588578
1999-W40,102821.53,0.660668
1999-W41,102821.53,0.660668
1999-W42,102821.53,0.660668
1999-W43,102821.53,0.660668
1999-W44,106184.407,0.689442
1999-W45,106184.407,0.689442
1999-W46,106184.407,0.689442
1999-W47,106184.407,0.689442
1999-W48,112808.629,0.746122
1999-W49,112808.629,0.746122
1999-W50,112808.629,0.746122
1999-W51,112808.629,0.746122
1999-W52,112808.629,0.746122
2000-W01,117098.189,0.782825
2000-W02,117098.189,0.782825
2000-W03,117098.189,0.782825
2000-W04,117098.189,0.782825
2000-W05,107591.929,0.701486
2000-W06,107591.929,0.701486
2000-W07,107591.929,0.701486
2000-W08,107591.929,0.701486
2000-W09,113818.763,0.754765
2000-W10,113818.763,0.754765
2000-W11,113818.763,0.754765
2000-W12,113818.763,0.754765
2000-W13,113818.763,0.754765
2000-W14,103356.003,0.665241
2000-W15,103356.003,0.665241
2000-W16,103356.003,0.665241
2000-W17,103356.003,0.665241
2000-W18,99419.102,0.631556
2000-W19,99419.102,0.631556
2000-W20,99419.102,0.631556
2000-W21,99419.102,0.631556
2000-W22,94402.974,0.588635
2000-W23,94402.974,0.588635
2000-W24,94402.974,0.588635
2000-W25,94402.974,0.588635
2000-W26,94402.974,0.588635
2000-W27,98382.624,0.622687
2000-W28,98382.624,0.622687
2000-W29,98382.624,0.622687
2000-W30,98382.624,0.622687
2000-W31,95430.196,0.597425
2000-W32,95430.196,0.597425
2000-W33,95430.196,0.597425
2000-W34,95430.196,0.597425
2000-W35,95430.196,0.597425
2000-W36,97619.596,0.616158
2000-W37,97619.596,0.616158
2000-W38,97619.596,0.616158
2000-W39,97619.596,0.616158
2000-W40,106324.063,0.690637
2000-W41,106324.063,0.690637
2000-W42,106324.063,0.690637
2000-W43,106324.063,0.690637
2000-W44,111324.004,0.733419
2000-W45,111324.004,0.733419
2000-W46,111324.004,0.733419
2000-W47,111324.004,0.733419
2000-W48,111324.004,0.733419
2000-W49,116526.623,0.777935
2000-W50,116526.623,0.777935
2000-W51,116526.623,0.777935
2000-W52,116526.623,0.777935
2001-W01,125426.04,0.854082
2001-W02,125426.04,0.854082
2001-W03,125426.04,0.854082
2001-W04,125426.04,0.854082
2001-W05,107632.143,0.70183
2001-W06,107632.143,0.70183
2001-W07,107632.143,0.70183
2001-W08,107632.143,0.70183
2001-W09,109692.744,0.719461
2001-W10,109692.744,0.719461
2001-W11,109692.744,0.719461
2001-W12,109692.744,0.719461
2001-W13,109692.744,0.719461
2001-W14,103532.012,0.666747
2001-W15,103532.012,0.666747
2001-W16,103532.012,0.666747
2001-W17,103532.012,0.666747
2001-W18,95760.748,0.600253
2001-W19,95760.748,0.600253
2001-W20,95760.748,0.600253
2001-W21,95760.748,0.600253
2001-W22,95760.748,0.600253
2001-W23,92986.168,0.576513
2001-W24,92986.168,0.576513
2001-W25,92986.168,0.576513
2001-W26,92986.168,0.576513
2001-W27,99776.166,0.634611
2001-W28,99776.166,0.634611
2001-W29,99776.166,0.634611
2001-W30,99776.166,0.634611
2001-W31,97460.387,0.614796
2001-W32,97460.387,0.614796
2001-W33,97460.387,0.614796
2001-W34,97460.387,0.614796
2001-W35,97460.387,0.614796
2001-W36,103917.893,0.670049
2001-W37,103917.893,0.670049
2001-W38,103917.893,0.670049
2001-W39,103917.893,0.670049
2001-W40,111541.758,0.735282
2001-W41,111541.758,0.735282
2001-W42,111541.758,0.735282
2001-W43,111541.758,0.735282
2001-W44,116552.108,0.778153
2001-W45,116552.108,0.778153
2001-W46,116552.108,0.778153
2001-W47,116552.108,0.778153
2001-W48,116552.108,0.778153
2001-W49,122815.442,0.831744
2001-W50,122815.442,0.831744
2001-W51,122815.442,0.831744
2001-W52,122815.442,0.831744
2002-W01,126989.142,0.867456
2002-W02,126989.142,0.867456
2002-W03,126989.142,0.867456
2002-W04,126989.142,0.867456
2002-W05,126989.142,0.867456
2002-W06,108345.702,0.707935
2002-W07,108345.702,0.707935
2002-W08,108345.702,0.707935
2002-W09,108345.702,0.707935
2002-W10,112304.9,0.741812
2002-W11,112304.9,0.741812
2002-W12,112304.9,0.741812
2002-W13,112304.9,0.741812
2002-W14,110977.197,0.730451
2002-W15,110977.197,0.730451
2002-W16,110977.197,0.730451
2002-W17,110977.197,0.730451
2002-W18,106275.333,0.69022
2002-W19,106275.333,0.69022
2002-W20,106275.333,0.69022
2002-W21,106275.333,0.69022
2002-W22,106275.333,0.69022
2002-W23,99617.152,0.63325
2002-W24,99617.152,0.63325
2002-W25,99617.152,0.63325
2002-W26,99617.152,0.63325
2002-W27,104623.125,0.676083
2002-W28,104623.125,0.676083
2002-W29,104623.125,0.676083
2002-W30,104623.125,0.676083
2002-W31,96579.451,0.607258
2002-W32,96579.451,0.607258
2002-W33,96579.451,0.607258
2002-W34,96579.451,0.607258
2002-W35,96579.451,0.607258
2002-W36,100797.22,0.643347
2002-W37,100797.22,0.643347
2002-W38,100797.22,0.643347
2002-W39,100797.22,0.643347
2002-W40,111062.481,0.731181
2002-W41,111062.481,0.731181
2002-W42,111062.481,0.731181
2002-W43,111062.481,0.731181
2002-W44,111062.481,0.731181
2002-W45,114635.568,0.761754
2002-W46,114635.568,0.761754
2002-W47,114635.568,0.761754
2002-W48,114635.568,0.761754
2002-W49,123907.571,0.841089
2002-W50,123907.571,0.841089
2002-W51,123907.571,0.841089
2002-W52,123907.571,0.841089
2003-W01,129830.526,0.891768
2003-W02,129830.526,0.891768
2003-W03,129830.526,0.891768
2003-W04,129830.526,0.891768
2003-W05,129830.526,0.891768
2003-W06,117063.363,0.782527
2003-W07,117063.363,0.782527
2003-W08,117063.363,0.782527
2003-W09,117063.363,0.782527
2003-W10,113385.413,0.751057
2003-W11,113385.413,0.751057
2003-W12,113385.413,0.751057
2003-W13,113385.413,0.751057
2003-W14,109009.687,0.713617
2003-W15,109009.687,0.713617
2003-W16,109009.687,0.713617
2003-W17,109009.687,0.713617
2003-W18,103012.828,0.662305
2003-W19,103012.828,0.662305
2003-W20,103012.828,0.662305
2003-W21,103012.828,0.662305
2003-W22,103012.828,0.662305
2003-W23,99329.599,0.63079
2003-W24,99329.599,0.63079
2003-W25,99329.599,0.63079
2003-W26,99329.599,0.63079
2003-W27,104615.274,0.676016
2003-W28,104615.274,0.676016
2003-W29,104615.274,0.676016
2003-W30,104615.274,0.676016
2003-W31,104615.274,0.676016
2003-W32,95355.685,0.596787
2003-W33,95355.685,0.596787
2003-W34,95355.685,0.596787
2003-W35,95355.685,0.596787
2003-W36,99209.497,0.629762
2003-W37,99209.497,0.629762
2003-W38,99209.497,0.629762
2003-W39,99209.497,0.629762
2003-W40,113605.864,0.752943
2003-W41,113605.864,0.752943
2003-W42,113605.864,0.752943
2003-W43,113605.864,0.752943
2003-W44,113605.864,0.752943
2003-W45,117863.566,0.789374
2003-W46,117863.566,0.789374
2003-W47,117863.566,0.789374
2003-W48,117863.566,0.789374
2003-W49,131381.365,0.905038
2003-W50,131381.365,0.905038
2003-W51,131381.365,0.905038
2003-W52,131381.365,0.905038
2004-W01,133437.348,0.92263
2004-W02,133437.348,0.92263
2004-W03,133437.348,0.92263
2004-W04,133437.348,0.92263
2004-W05,133437.348,0.92263
2004-W06,116803.03,0.7803
2004-W07,116803.03,0.7803
2004-W08,116803.03,0.7803
2004-W09,116803.03,0.7803
2004-W10,117251.162,0.784134
2004-W11,117251.162,0.784134
2004-W12,117251.162,0.784134
2004-W13,117251.162,0.784134
2004-W14,108735.042,0.711267
2004-W15,108735.042,0.711267
2004-W16,108735.042,0.711267
2004-W17,108735.042,0.711267
2004-W18,108735.042,0.711267
2004-W19,103392.503,0.665554
2004-W20,103392.503,0.665554
2004-W21,103392.503,0.665554
2004-W22,103392.503,0.665554
2004-W23,98518.259,0.623848
2004-W24,98518.259,0.623848
2004-W25,98518.259,0.623848
2004-W26,98518.259,0.623848
2004-W27,103823.476,0.669241
2004-W28,103823.476,0.669241
2004-W29,103823.476,0.669241
2004-W30,103823.476,0.669241
2004-W31,103823.476,0.669241
2004-W32,96530.039,0.606836
2004-W33,96530.039,0.606836
2004-W34,96530.039,0.606836
2004-W35,96530.039,0.606836
2004-W36,104316.301,0.673458
2004-W37,104316.301,0.673458
2004-W38,104316.301,0.673458
2004-W39,104316.301,0.673458
2004-W40,104316.301,0.673458
2004-W41,117556.178,0.786744
2004-W42,117556.178,0.786744
2004-W43,117556.178,0.786744
2004-W44,117556.178,0.786744
2004-W45,123447.739,0.837155
2004-W46,123447.739,0.837155
2004-W47,123447.739,0.837155
2004-W48,123447.739,0.837155
2004-W49,137323.857,0.955885
2004-W50,137323.857,0.955885
2004-W51,137323.857,0.955885
2004-W52,137323.857,0.955885
2004-W53,137323.857,0.955885
2005-W01,134829.094,0.934538
2005-W02,134829.094,0.934538
2005-W03,134829.094,0.934538
2005-W04,134829.094,0.934538
2005-W05,118052.44,0.79099
2005-W06,118052.44,0.79099
2005-W07,118052.44,0.79099
2005-W08,118052.44,0.79099
2005-W09,118278.486,0.792924
2005-W10,118278.486,0.792924
2005-W11,118278.486,0.792924
2005-W12,118278.486,0.792924
2005-W13,118278.486,0.792924
2005-W14,107641.253,0.701908
2005-W15,107641.253,0.701908
2005-W16,107641.253,0.701908
2005-W17,107641.253,0.701908
2005-W18,105957.599,0.687502
2005-W19,105957.599,0.687502
2005-W20,105957.599,0.687502
2005-W21,105957.599,0.687502
2005-W22,103857.704,0.669534
2005-W23,103857.704,0.669534
2005-W24,103857.704,0.669534
2005-W25,103857.704,0.669534
2005-W26,103857.704,0.669534
2005-W27,102382.754,0.656914
2005-W28,102382.754,0.656914
2005-W29,102382.754,0.656914
2005-W30,102382.754,0.656914
2005-W31,102809.074,0.660562
2005-W32,102809.074,0.660562
2005-W33,102809.074,0.660562
2005-W34,102809.074,0.660562
2005-W35,104649.623,0.67631
2005-W36,104649.623,0.67631
2005-W37,104649.623,0.67631
2005-W38,104649.623,0.67631
2005-W39,104649.623,0.67631
2005-W40,111765.971,0.737201
2005-W41,111765.971,0.737201
2005-W42,111765.971,0.737201
2005-W43,111765.971,0.737201
2005-W44,120525.778,0.812153
2005-W45,120525.778,0.812153
2005-W46,120525.778,0.812153
2005-W47,120525.778,0.812153
2005-W48,134506.264,0.931776
2005-W49,134506.264,0.931776
2005-W50,134506.264,0.931776
2005-W51,134506.264,0.931776
2005-W52,134506.264,0.931776
2006-W01,137207.191,0.954886
2006-W02,137207.191,0.954886
2006-W03,137207.191,0.954886
2006-W04,137207.191,0.954886
2006-W05,115265.792,0.767146
2006-W06,115265.792,0.767146
2006-W07,115265.792,0.767146
2006-W08,115265.792,0.767146
2006-W09,116731.564,0.779688
2006-W10,116731.564,0.779688
2006-W11,116731.564,0.779688
2006-W12,116731.564,0.779688
2006-W13,116731.564,0.779688
2006-W14,114247.929,0.758437
2006-W15,114247.929,0.758437
2006-W16,114247.929,0.758437
2006-W17,114247.929,0.758437
2006-W18,108053.892,0.705438
2006-W19,108053.892,0.705438
2006-W20,108053.892,0.705438
2006-W21,108053.892,0.705438
2006-W22,104111.992,0.67171
2006-W23,104111.992,0.67171
2006-W24,104111.992,0.67171
2006-W25,104111.992,0.67171
2006-W26,104111.992,0.67171
2006-W27,104753.466,0.677199
2006-W28,104753.466,0.677199
2006-W29,104753.466,0.677199
2006-W30,104753.466,0.677199
2006-W31,101691.635,0.651
2006-W32,101691.635,0.651
2006-W33,101691.635,0.651
2006-W34,101691.635,0.651
2006-W35,101691.635,0.651
2006-W36,105368.041,0.682457
2006-W37,105368.041,0.682457
2006-W38,105368.041,0.682457
2006-W39,105368.041,0.682457
2006-W40,111694.873,0.736592
2006-W41,111694.873,0.736592
2006-W42,111694.873,0.736592
2006-W43,111694.873,0.736592
2006-W44,116419.791,0.777021
2006-W45,116419.791,0.777021
2006-W46,116419.791,0.777021
2006-W47,116419.791,0.777021
2006-W48,116419.791,0.777021
2006-W49,129857.194,0.891997
2006-W50,129857.194,0.891997
2006-W51,129857.194,0.891997
2006-W52,129857.194,0.891997
2007-W01,130794.831,0.900019
2007-W02,130794.831,0.900019
2007-W03,130794.831,0.900019
2007-W04,130794.831,0.900019
2007-W05,115578.937,0.769826
2007-W06,115578.937,0.769826
2007-W07,115578.937,0.769826
2007-W08,115578.937,0.769826
2007-W09,118477.405,0.794626
2007-W10,118477.405,0.794626
2007-W11,118477.405,0.794626
2007-W12,118477.405,0.794626
2007-W13,118477.405,0.794626
2007-W14,102336.572,0.656519
2007-W15,102336.572,0.656519
2007-W16,102336.572,0.656519
2007-W17,102336.572,0.656519
2007-W18,102468.624,0.657649
2007-W19,102468.624,0.657649
2007-W20,102468.624,0.657649
2007-W21,102468.624,0.657649
2007-W22,102468.624,0.657649
2007-W23,99372.398,0.631156
2007-W24,99372.398,0.631156
2007-W25,99372.398,0.631156
2007-W26,99372.398,0.631156
2007-W27,102486.791,0.657804
2007-W28,102486.791,0.657804
2007-W29,102486.791,0.657804
2007-W30,102486.791,0.657804
2007-W31,102538.843,0.658249
2007-W32,102538.843,0.658249
2007-W33,102538.843,0.658249
2007-W34,102538.843,0.658249
2007-W35,102538.843,0.658249
2007-W36,105211.071,0.681114
2007-W37,105211.071,0.681114
2007-W38,105211.071,0.681114
2007-W39,105211.071,0.681114
2007-W40,117575.014,0.786905
2007-W41,117575.014,0.786905
2007-W42,117575.014,0.786905
2007-W43,117575.014,0.786905
2007-W44,117273.587,0.784326
2007-W45,117273.587,0.784326
2007-W46,117273.587,0.784326
2007-W47,117273.587,0.784326
2007-W48,117273.587,0.784326
2007-W49,130480.927,0.897334
2007-W50,130480.927,0.897334
2007-W51,130480.927,0.897334
2007-W52,130480.927,0.897334
2008-W01,132330.242,0.913157
2008-W02,132330.242,0.913157
2008-W03,132330.242,0.913157
2008-W04,132330.242,0.913157
2008-W05,132330.242,0.913157
2008-W06,123957.776,0.841519
2008-W07,123957.776,0.841519
2008-W08,123957.776,0.841519
2008-W09,123957.776,0.841519
2008-W10,121577.323,0.821151
2008-W11,121577.323,0.821151
2008-W12,121577.323,0.821151
2008-W13,121577.323,0.821151
2008-W14,112862.913,0.746586
2008-W15,112862.913,0.746586
2008-W16,112862.913,0.746586
2008-W17,112862.913,0.746586
2008-W18,103824.772,0.669252
2008-W19,103824.772,0.669252
2008-W20,103824.772,0.669252
2008-W21,103824.772,0.669252
2008-W22,103824.772,0.669252
2008-W23,95006.521,0.5938
2008-W24,95006.521,0.5938
2008-W25,95006.521,0.5938
2008-W26,95006.521,0.5938
2008-W27,103509.322,0.666553
2008-W28,103509.322,0.666553
2008-W29,103509.322,0.666553
2008-W30,103509.322,0.666553
2008-W31,103509.322,0.666553
2008-W32,102012.065,0.653742
2008-W33,102012.065,0.653742
2008-W34,102012.065,0.653742
2008-W35,102012.065,0.653742
2008-W36,101280.71,0.647484
2008-W37,101280.71,0.647484
2008-W38,101280.71,0.647484
2008-W39,101280.71,0.647484
2008-W40,110863.045,0.729475
2008-W41,110863.045,0.729475
2008-W42,110863.045,0.729475
2008-W43,110863.045,0.729475
2008-W44,110863.045,0.729475
2008-W45,117118.585,0.783
2008-W46,117118.585,0.783
2008-W47,117118.585,0.783
2008-W48,117118.585,0.783
2008-W49,134600.025,0.932578
2008-W50,134600.025,0.932578
2008-W51,134600.025,0.932578
2008-W52,134600.025,0.932578
2009-W01,140637.698,0.984239
2009-W02,140637.698,0.984239
2009-W03,140637.698,0.984239
2009-W04,140637.698,0.984239
2009-W05,140637.698,0.984239
2009-W06,120325.284,0.810438
2009-W07,120325.284,0.810438
2009-W08,120325.284,0.810438
2009-W09,120325.284,0.810438
2009-W10,116954.23,0.781593
2009-W11,116954.23,0.781593
2009-W12,116954.23,0.781593
2009-W13,116954.23,0.781593
2009-W14,102968.626,0.661927
2009-W15,102968.626,0.661927
2009-W16,102968.626,0.661927
2009-W17,102968.626,0.661927
2009-W18,102968.626,0.661927
2009-W19,98846.35,0.626655
2009-W20,98846.35,0.626655
2009-W21,98846.35,0.626655
2009-W22,98846.35,0.626655
2009-W23,91702.366,0.565528
2009-W24,91702.366,0.565528
2009-W25,91702.366,0.565528
2009-W26,91702.366,0.565528
2009-W27,96602.068,0.607452
2009-W28,96602.068,0.607452
2009-W29,96602.068,0.607452
2009-W30,96602.068,0.607452
2009-W31,96602.068,0.607452
2009-W32,92509.186,0.572431
2009-W33,92509.186,0.572431
2009-W34,92509.186,0.572431
2009-W35,92509.186,0.572431
2009-W36,94077.995,0.585855
2009-W37,94077.995,0.585855
2009-W38,94077.995,0.585855
2009-W39,94077.995,0.585855
2009-W40,102928.094,0.66158
2009-W41,102928.094,0.66158
2009-W42,102928.094,0.66158
2009-W43,102928.094,0.66158
2009-W44,102928.094,0.66158
2009-W45,104229.405,0.672715
2009-W46,104229.405,0.672715
2009-W47,104229.405,0.672715
2009-W48,104229.405,0.672715
2009-W49,125659.731,0.856081
2009-W50,125659.731,0.856081
2009-W51,125659.731,0.856081
2009-W52,125659.731,0.856081
2009-W53,125659.731,0.856081
2010-W01,135710.651,0.942081
2010-W02,135710.651,0.942081
2010-W03,135710.651,0.942081
2010-W04,135710.651,0.942081
2010-W05,120954.003,0.815817
2010-W06,120954.003,0.815817
2010-W07,120954.003,0.815817
2010-W08,120954.003,0.815817
2010-W09,119696.141,0.805054
2010-W10,119696.141,0.805054
2010-W11,119696.141,0.805054
2010-W12,119696.141,0.805054
2010-W13,103619.278,0.667494
2010-W14,103619.278,0.667494
2010-W15,103619.278,0.667494
2010-W16,103619.278,0.667494
2010-W17,103619.278,0.667494
2010-W18,98522.841,0.623887
2010-W19,98522.841,0.623887
2010-W20,98522.841,0.623887
2010-W21,98522.841,0.623887
2010-W22,97021.295,0.611039
2010-W23,97021.295,0.611039
2010-W24,97021.295,0.611039
2010-W25,97021.295,0.611039
2010-W26,102654.051,0.659235
2010-W27,102654.051,0.659235
2010-W28,102654.051,0.659235
2010-W29,102654.051,0.659235
2010-W30,102654.051,0.659235
2010-W31,102614.679,0.658898
2010-W32,102614.679,0.658898
2010-W33,102614.679,0.658898
2010-W34,102614.679,0.658898
2010-W35,101417.759,0.648657
2010-W36,101417.759,0.648657
2010-W37,101417.759,0.648657
2010-W38,101417.759,0.648657
2010-W39,101417.759,0.648657
2010-W40,106222.335,0.689767
2010-W41,106222.335,0.689767
2010-W42,106222.335,0.689767
2010-W43,106222.335,0.689767
2010-W44,116927.996,0.781369
2010-W45,116927.996,0.781369
2010-W46,116927.996,0.781369
2010-W47,116927.996,0.781369
2010-W48,140026.034,0.979005
2010-W49,140026.034,0.979005
2010-W50,140026.034,0.979005
2010-W51,140026.034,0.979005
2010-W52,140026.034,0.979005
2011-W01,142479.69,1.0
2011-W02,142479.69,1.0
2011-W03,142479.69,1.0
2011-W04,142479.69,1.0
2011-W05,122489.611,0.828957
2011-W06,122489.611,0.828957
2011-W07,122489.611,0.828957
2011-W08,122489.611,0.828957
2011-W09,120675.714,0.813436
2011-W10,120675.714,0.813436
2011-W11,120675.714,0.813436
2011-W12,120675.714,0.813436
2011-W13,120675.714,0.813436
2011-W14,104586.604,0.675771
2011-W15,104586.604,0.675771
2011-W16,104586.604,0.675771
2011-W17,104586.604,0.675771
2011-W18,104639.654,0.676225
2011-W19,104639.654,0.676225
2011-W20,104639.654,0.676225
2011-W21,104639.654,0.676225
2011-W22,103318.173,0.664918
2011-W23,103318.173,0.664918
2011-W24,103318.173,0.664918
2011-W25,103318.173,0.664918
2011-W26,103318.173,0.664918
2011-W27,105938.206,0.687336
2011-W28,105938.206,0.687336
2011-W29,105938.206,0.687336
2011-W30,105938.206,0.687336
2011-W31,99778.232,0.634628
2011-W32,99778.232,0.634628
2011-W33,99778.232,0.634628
2011-W34,99778.232,0.634628
2011-W35,100301.169,0.639103
2011-W36,100301.169,0.639103
2011-W37,100301.169,0.639103
2011-W38,100301.169,0.639103
2011-W39,100301.169,0.639103
2011-W40,105122.81,0.680359
2011-W41,105122.81,0.680359
2011-W42,105122.81,0.680359
2011-W43,105122.81,0.680359
2011-W44,108452.734,0.708851
2011-W45,108452.734,0.708851
2011-W46,108452.734,0.708851
2011-W47,108452.734,0.708851
2011-W48,129610.974,0.88989
2011-W49,129610.974,0.88989
2011-W50,129610.974,0.88989
2011-W51,129610.974,0.88989
2011-W52,129610.974,0.88989
2012-W01,138652.032,0.967249
2012-W02,138652.032,0.967249
2012-W03,138652.032,0.967249
2012-W04,138652.032,0.967249
2012-W05,129628.78,0.890042
2012-W06,129628.78,0.890042
2012-W07,129628.78,0.890042
2012-W08,129628.78,0.890042
2012-W09,119464.563,0.803073
2012-W10,119464.563,0.803073
2012-W11,119464.563,0.803073
2012-W12,119464.563,0.803073
2012-W13,119464.563,0.803073
2012-W14,109014.786,0.71366
2012-W15,109014.786,0.71366
2012-W16,109014.786,0.71366
2012-W17,109014.786,0.71366
2012-W18,97552.729,0.615586
2012-W19,97552.729,0.615586
2012-W20,97552.729,0.615586
2012-W21,97552.729,0.615586
2012-W22,97552.729,0.615586
2012-W23,89666.561,0.548109
2012-W24,89666.561,0.548109
2012-W25,89666.561,0.548109
2012-W26,89666.561,0.548109
2012-W27,95221.636,0.59564
2012-W28,95221.636,0.59564
2012-W29,95221.636,0.59564
2012-W30,95221.636,0.59564
2012-W31,92151.306,0.569369
2012-W32,92151.306,0.569369
2012-W33,92151.306,0.569369
2012-W34,92151.306,0.569369
2012-W35,92151.306,0.569369
2012-W36,97092.682,0.61165
2012-W37,97092.682,0.61165
2012-W38,97092.682,0.61165
2012-W39,97092.682,0.61165
2012-W40,107188.084,0.69803
2012-W41,107188.084,0.69803
2012-W42,107188.084,0.69803
2012-W43,107188.084,0.69803
2012-W44,119918.499,0.806957
2012-W45,119918.499,0.806957
2012-W46,119918.499,0.806957
2012-W47,119918.499,0.806957
2012-W48,119918.499,0.806957
2012-W49,130964.615,0.901472
2012-W50,130964.615,0.901472
2012-W51,130964.615,0.901472
2012-W52,130964.615,0.901472
2013-W01,139045.809,0.970618
2013-W02,139045.809,0.970618
2013-W03,139045.809,0.970618
2013-W04,139045.809,0.970618
2013-W05,139045.809,0.970618
2013-W06,122679.52,0.830581
2013-W07,122679.52,0.830581
2013-W08,122679.52,0.830581
2013-W09,122679.52,0.830581
2013-W10,123007.485,0.833388
2013-W11,123007.485,0.833388
2013-W12,123007.485,0.833388
2013-W13,123007.485,0.833388
2013-W14,105991.14,0.687789
2013-W15,105991.14,0.687789
2013-W16,105991.14,0.687789
2013-W17,105991.14,0.687789
2013-W18,103602.305,0.667349
2013-W19,103602.305,0.667349
2013-W20,103602.305,0.667349
2013-W21,103602.305,0.667349
2013-W22,103602.305,0.667349
2013-W23,94692.266,0.591111
2013-W24,94692.266,0.591111
2013-W25,94692.266,0.591111
2013-W26,94692.266,0.591111
2013-W27,100371.902,0.639708
2013-W28,100371.902,0.639708
2013-W29,100371.902,0.639708
2013-W30,100371.902,0.639708
2013-W31,94914.841,0.593015
2013-W32,94914.841,0.593015
2013-W33,94914.841,0.593015
2013-W34,94914.841,0.593015
2013-W35,94914.841,0.593015
2013-W36,95346.861,0.596712
2013-W37,95346.861,0.596712
2013-W38,95346.861,0.596712
2013-W39,95346.861,0.596712
2013-W40,101735.049,0.651372
2013-W41,101735.049,0.651372
2013-W42,101735.049,0.651372
2013-W43,101735.049,0.651372
2013-W44,101735.049,0.651372
2013-W45,115749.923,0.771289
2013-W46,115749.923,0.771289
2013-W47,115749.923,0.771289
2013-W48,115749.923,0.771289
2013-W49,133197.561,0.920578
2013-W50,133197.561,0.920578
2013-W51,133197.561,0.920578
2013-W52,133197.561,0.920578
2014-W01,138820.359,0.968689
2014-W02,138820.359,0.968689
2014-W03,138820.359,0.968689
2014-W04,138820.359,0.968689
2014-W05,138820.359,0.968689
2014-W06,120855.066,0.814971
2014-W07,120855.066,0.814971
2014-W08,120855.066,0.814971
2014-W09,120855.066,0.814971
2014-W10,117906.035,0.789738
2014-W11,117906.035,0.789738
2014-W12,117906.035,0.789738
2014-W13,117906.035,0.789738
2014-W14,102758.479,0.660129
2014-W15,102758.479,0.660129
2014-W16,102758.479,0.660129
2014-W17,102758.479,0.660129
2014-W18,101145.203,0.646325
2014-W19,101145.203,0.646325
2014-W20,101145.203,0.646325
2014-W21,101145.203,0.646325
2014-W22,101145.203,0.646325
2014-W23,99437.355,0.631712
2014-W24,99437.355,0.631712
2014-W25,99437.355,0.631712
2014-W26,99437.355,0.631712
2014-W27,106277.653,0.69024
2014-W28,106277.653,0.69024
2014-W29,106277.653,0.69024
2014-W30,106277.653,0.69024
2014-W31,106277.653,0.69024
2014-W32,98187.127,0.621014
2014-W33,98187.127,0.621014
2014-W34,98187.127,0.621014
2014-W35,98187.127,0.621014
2014-W36,101261.679,0.647321
2014-W37,101261.679,0.647321
2014-W38,101261.679,0.647321
2014-W39,101261.679,0.647321
2014-W40,105578.557,0.684258
2014-W41,105578.557,0.684258
2014-W42,105578.557,0.684258
2014-W43,105578.557,0.684258
2014-W44,105578.557,0.684258
2014-W45,116115.417,0.774416
2014-W46,116115.417,0.774416
2014-W47,116115.417,0.774416
2014-W48,116115.417,0.774416
2014-W49,135081.851,0.936701
2014-W50,135081.851,0.936701
2014-W51,135081.851,0.936701
2014-W52,135081.851,0.936701
2015-W01,142071.635,0.996509
2015-W02,142071.635,0.996509
2015-W03,142071.635,0.996509
2015-W04,142071.635,0.996509
2015-W05,142071.635,0.996509
2015-W06,124148.576,0.843151
2015-W07,124148.576,0.843151
2015-W08,124148.576,0.843151
2015-W09,124148.576,0.843151
2015-W10,121706.867,0.822259
2015-W11,121706.867,0.822259
2015-W12,121706.867,0.822259
2015-W13,121706.867,0.822259
2015-W14,103159.419,0.663559
2015-W15,103159.419,0.663559
2015-W16,103159.419,0.663559
2015-W17,103159.419,0.663559
2015-W18,103159.419,0.663559
2015-W19,99778.246,0.634629
2015-W20,99778.246,0.634629
2015-W21,99778.246,0.634629
2015-W22,99778.246,0.634629
2015-W23,99620.635,0.63328
2015-W24,99620.635,0.63328
2015-W25,99620.635,0.63328
2015-W26,99620.635,0.63328
2015-W27,106068.934,0.688454
2015-W28,106068.934,0.688454
2015-W29,106068.934,0.688454
2015-W30,106068.934,0.688454
2015-W31,106068.934,0.688454
2015-W32,100736.812,0.64283
2015-W33,100736.812,0.64283
2015-W34,100736.812,0.64283
2015-W35,100736.812,0.64283
2015-W36,98184.476,0.620992
2015-W37,98184.476,0.620992
2015-W38,98184.476,0.620992
2015-W39,98184.476,0.620992
2015-W40,110327.498,0.724892
2015-W41,110327.498,0.724892
2015-W42,110327.498,0.724892
2015-W43,110327.498,0.724892
2015-W44,110327.498,0.724892
2015-W45,113844.57,0.754986
2015-W46,113844.57,0.754986
2015-W47,113844.57,0.754986
2015-W48,113844.57,0.754986
2015-W49,128042.166,0.876466
2015-W50,128042.166,0.876466
2015-W51,128042.166,0.876466
2015-W52,128042.166,0.876466
2015-W53,128042.166,0.876466
2016-W01,135454.741,0.939892
2016-W02,135454.741,0.939892
2016-W03,135454.741,0.939892
2016-W04,135454.741,0.939892
2016-W05,123506.2,0.837655
2016-W06,123506.2,0.837655
2016-W07,123506.2,0.837655
2016-W08,123506.2,0.837655
2016-W09,123271.711,0.835648
2016-W10,123271.711,0.835648
2016-W11,123271.711,0.835648
2016-W12,123271.711,0.835648
2016-W13,123271.711,0.835648
2016-W14,103800.23,0.669042
2016-W15,103800.23,0.669042
2016-W16,103800.23,0.669042
2016-W17,103800.23,0.669042
2016-W18,97698.001,0.616829
2016-W19,97698.001,0.616829
2016-W20,97698.001,0.616829
2016-W21,97698.001,0.616829
2016-W22,93933.272,0.584616
2016-W23,93933.272,0.584616
2016-W24,93933.272,0.584616
2016-W25,93933.272,0.584616
2016-W26,93933.272,0.584616
2016-W27,93515.959,0.581046
2016-W28,93515.959,0.581046
2016-W29,93515.959,0.581046
2016-W30,93515.959,0.581046
2016-W31,89413.654,0.545945
2016-W32,89413.654,0.545945
2016-W33,89413.654,0.545945
2016-W34,89413.654,0.545945
2016-W35,87054.266,0.525757
2016-W36,87054.266,0.525757
2016-W37,87054.266,0.525757
2016-W38,87054.266,0.525757
2016-W39,87054.266,0.525757
2016-W40,96813.808,0.609264
2016-W41,96813.808,0.609264
2016-W42,96813.808,0.609264
2016-W43,96813.808,0.609264
2016-W44,105213.956,0.681139
2016-W45,105213.956,0.681139
2016-W46,105213.956,0.681139
2016-W47,105213.956,0.681139
2016-W48,122436.844,0.828505
2016-W49,122436.844,0.828505
2016-W50,122436.844,0.828505
2016-W51,122436.844,0.828505
2016-W52,122436.844,0.828505
2017-W01,136479.586,0.948661
2017-W02,136479.586,0.948661
2017-W03,136479.586,0.948661
2017-W04,136479.586,0.948661
2017-W05,110917.041,0.729937
2017-W06,110917.041,0.729937
2017-W07,110917.041,0.729937
2017-W08,110917.041,0.729937
2017-W09,111924.393,0.738556
2017-W10,111924.393,0.738556
2017-W11,111924.393,0.738556
2017-W12,111924.393,0.738556
2017-W13,111924.393,0.738556
2017-W14,102203.066,0.655376
2017-W15,102203.066,0.655376
2017-W16,102203.066,0.655376
2017-W17,102203.066,0.655376
2017-W18,97969.166,0.619149
2017-W19,97969.166,0.619149
2017-W20,97969.166,0.619149
2017-W21,97969.166,0.619149
2017-W22,90192.15,0.552606
2017-W23,90192.15,0.552606
2017-W24,90192.15,0.552606
2017-W25,90192.15,0.552606
2017-W26,90192.15,0.552606
2017-W27,92076.452,0.568729
2017-W28,92076.452,0.568729
2017-W29,92076.452,0.568729
2017-W30,92076.452,0.568729
2017-W31,92456.588,0.571981
2017-W32,92456.588,0.571981
2017-W33,92456.588,0.571981
2017-W34,92456.588,0.571981
2017-W35,92456.588,0.571981
2017-W36,94590.9,0.590243
2017-W37,94590.9,0.590243
2017-W38,94590.9,0.590243
2017-W39,94590.9,0.590243
2017-W40,92615.294,0.573339
2017-W41,92615.294,0.573339
2017-W42,92615.294,0.573339
2017-W43,92615.294,0.573339
2017-W44,103916.826,0.67004
2017-W45,103916.826,0.67004
2017-W46,103916.826,0.67004
2017-W47,103916.826,0.67004
2017-W48,103916.826,0.67004
2017-W49,126655.318,0.8646
2017-W50,126655.318,0.8646
2017-W51,126655.318,0.8646
2017-W52,126655.318,0.8646
2018-W01,133777.274,0.925538
2018-W02,133777.274,0.925538
2018-W03,133777.274,0.925538
2018-W04,133777.274,0.925538
2018-W05,122774.9,0.831398
2018-W06,122774.9,0.831398
2018-W07,122774.9,0.831398
2018-W08,122774.9,0.831398
2018-W09,121088.981,0.816972
2018-W10,121088.981,0.816972
2018-W11,121088.981,0.816972
2018-W12,121088.981,0.816972
2018-W13,121088.981,0.816972
2018-W14,101975.44,0.653429
2018-W15,101975.44,0.653429
2018-W16,101975.44,0.653429
2018-W17,101975.44,0.653429
2018-W18,100104.528,0.63742
2018-W19,100104.528,0.63742
2018-W20,100104.528,0.63742
2018-W21,100104.528,0.63742
2018-W22,100104.528,0.63742
2018-W23,94250.132,0.587328
2018-W24,94250.132,0.587328
2018-W25,94250.132,0.587328
2018-W26,94250.132,0.587328
2018-W27,97443.007,0.614647
2018-W28,97443.007,0.614647
2018-W29,97443.007,0.614647
2018-W30,97443.007,0.614647
2018-W31,89984.106,0.550826
2018-W32,89984.106,0.550826
2018-W33,89984.106,0.550826
2018-W34,89984.106,0.550826
2018-W35,89984.106,0.550826
2018-W36,96436.834,0.606038
2018-W37,96436.834,0.606038
2018-W38,96436.834,0.606038
2018-W39,96436.834,0.606038
2018-W40,102525.152,0.658132
2018-W41,102525.152,0.658132
2018-W42,102525.152,0.658132
2018-W43,102525.152,0.658132
2018-W44,109432.099,0.717231
2018-W45,109432.099,0.717231
2018-W46,109432.099,0.717231
2018-W47,109432.099,0.717231
2018-W48,109432.099,0.717231
2018-W49,127457.557,0.871464
2018-W50,127457.557,0.871464
2018-W51,127457.557,0.871464
2018-W52,127457.557,0.871464
2019-W01,134641.361,0.932932
2019-W02,134641.361,0.932932
2019-W03,134641.361,0.932932
2019-W04,134641.361,0.932932
2019-W05,134641.361,0.932932
2019-W06,117336.874,0.784868
2019-W07,117336.874,0.784868
2019-W08,117336.874,0.784868
2019-W09,117336.874,0.784868
2019-W10,116993.123,0.781926
2019-W11,116993.123,0.781926
2019-W12,116993.123,0.781926
2019-W13,116993.123,0.781926
2019-W14,104711.293,0.676838
2019-W15,104711.293,0.676838
2019-W16,104711.293,0.676838
2019-W17,104711.293,0.676838
2019-W18,102779.63,0.66031
2019-W19,102779.63,0.66031
2019-W20,102779.63,0.66031
2019-W21,102779.63,0.66031
2019-W22,102779.63,0.66031
2019-W23,93324.093,0.579404
2019-W24,93324.093,0.579404
2019-W25,93324.093,0.579404
2019-W26,93324.093,0.579404
2019-W27,95398.24,0.597151
2019-W28,95398.24,0.597151
2019-W29,95398.24,0.597151
2019-W30,95398.24,0.597151
2019-W31,90168.709,0.552405
2019-W32,90168.709,0.552405
2019-W33,90168.709,0.552405
2019-W34,90168.709,0.552405
2019-W35,90168.709,0.552405
2019-W36,89707.16,0.548456
2019-W37,89707.16,0.548456
2019-W38,89707.16,0.548456
2019-W39,89707.16,0.548456
2019-W40,96851.237,0.609584
2019-W41,96851.237,0.609584
2019-W42,96851.237,0.609584
2019-W43,96851.237,0.609584
2019-W44,96851.237,0.609584
2019-W45,102333.251,0.65649
2019-W46,102333.251,0.65649
2019-W47,102333.251,0.65649
2019-W48,102333.251,0.65649
2019-W49,115101.421,0.76574
2019-W50,115101.421,0.76574
2019-W51,115101.421,0.76574
2019-W52,115101.421,0.76574
2020-W01,125409.804,0.853943
2020-W02,125409.804,0.853943
2020-W03,125409.804,0.853943
2020-W04,125409.804,0.853943
2020-W05,125409.804,0.853943
2020-W06,112009.824,0.739287
2020-W07,112009.824,0.739287
2020-W08,112009.824,0.739287
2020-W09,112009.824,0.739287
2020-W10,104830.062,0.677854
2020-W11,104830.062,0.677854
2020-W12,104830.062,0.677854
2020-W13,104830.062,0.677854
2020-W14,89036.046,0.542714
2020-W15,89036.046,0.542714
2020-W16,89036.046,0.542714
2020-W17,89036.046,0.542714
2020-W18,89036.046,0.542714
2020-W19,84323.429,0.502391
2020-W20,84323.429,0.502391
2020-W21,84323.429,0.502391
2020-W22,84323.429,0.502391
2020-W23,75589.879,0.427663
2020-W24,75589.879,0.427663
2020-W25,75589.879,0.427663
2020-W26,75589.879,0.427663
2020-W27,79613.834,0.462093
2020-W28,79613.834,0.462093
2020-W29,79613.834,0.462093
2020-W30,79613.834,0.462093
2020-W31,79613.834,0.462093
2020-W32,79373.815,0.46004
2020-W33,79373.815,0.46004
2020-W34,79373.815,0.46004
2020-W35,79373.815,0.46004
2020-W36,77314.354,0.442418
2020-W37,77314.354,0.442418
2020-W38,77314.354,0.442418
2020-W39,77314.354,0.442418
2020-W40,97778.277,0.617516
2020-W41,97778.277,0.617516
2020-W42,97778.277,0.617516
2020-W43,97778.277,0.617516
2020-W44,97778.277,0.617516
2020-W45,104124.556,0.671817
2020-W46,104124.556,0.671817
2020-W47,104124.556,0.671817
2020-W48,104124.556,0.671817
2020-W49,117708.071,0.788044
2020-W50,117708.071,0.788044
2020-W51,117708.071,0.788044
2020-W52,117708.071,0.788044
2020-W53,117708.071,0.788044
2021-W01,128030.233,0.876364
2021-W02,128030.233,0.876364
2021-W03,128030.233,0.876364
2021-W04,128030.233,0.876364
2021-W05,105063.266,0.679849
2021-W06,105063.266,0.679849
2021-W07,105063.266,0.679849
2021-W08,105063.266,0.679849
2021-W09,108557.915,0.709751
2021-W10,108557.915,0.709751
2021-W11,108557.915,0.709751
2021-W12,108557.915,0.709751
2021-W13,93954.922,0.584802
2021-W14,93954.922,0.584802
2021-W15,93954.922,0.584802
2021-W16,93954.922,0.584802
2021-W17,93954.922,0.584802
2021-W18,94056.827,0.585674
2021-W19,94056.827,0.585674
2021-W20,94056.827,0.585674
2021-W21,94056.827,0.585674
2021-W22,90884.509,0.55853
2021-W23,90884.509,0.55853
2021-W24,90884.509,0.55853
2021-W25,90884.509,0.55853
2021-W26,93634.792,0.582063
2021-W27,93634.792,0.582063
2021-W28,93634.792,0.582063
2021-W29,93634.792,0.582063
2021-W30,93634.792,0.582063
2021-W31,93963.357,0.584874
2021-W32,93963.357,0.584874
2021-W33,93963.357,0.584874
2021-W34,93963.357,0.584874
2021-W35,93620.234,0.581938
2021-W36,93620.234,0.581938
2021-W37,93620.234,0.581938
2021-W38,93620.234,0.581938
2021-W39,93620.234,0.581938
2021-W40,101166.828,0.64651
2021-W41,101166.828,0.64651
2021-W42,101166.828,0.64651
2021-W43,101166.828,0.64651
2021-W44,104963.781,0.678998
2021-W45,104963.781,0.678998
2021-W46,104963.781,0.678998
2021-W47,104963.781,0.678998
2021-W48,112694.577,0.745146
2021-W49,112694.577,0.745146
2021-W50,112694.577,0.745146
2021-W51,112694.577,0.745146
2021-W52,112694.577,0.745146
2022-W01,122863.568,0.832156
2022-W02,122863.568,0.832156
2022-W03,122863.568,0.832156
2022-W04,122863.568,0.832156
2022-W05,103088.948,0.662956
2022-W06,103088.948,0.662956
2022-W07,103088.948,0.662956
2022-W08,103088.948,0.662956
2022-W09,96310.119,0.604954
2022-W10,96310.119,0.604954
2022-W11,96310.119,0.604954
2022-W12,96310.119,0.604954
2022-W13,96310.119,0.604954
2022-W14,81459.791,0.477888
2022-W15,81459.791,0.477888
2022-W16,81459.791,0.477888
2022-W17,81459.791,0.477888
2022-W18,74686.534,0.419933
2022-W19,74686.534,0.419933
2022-W20,74686.534,0.419933
2022-W21,74686.534,0.419933
2022-W22,73782.824,0.412201
2022-W23,73782.824,0.412201
2022-W24,73782.824,0.412201
2022-W25,73782.824,0.412201
2022-W26,73782.824,0.412201
2022-W27,71668.076,0.394106
2022-W28,71668.076,0.394106
2022-W29,71668.076,0.394106
2022-W30,71668.076,0.394106
2022-W31,68927.526,0.370657
2022-W32,68927.526,0.370657
2022-W33,68927.526,0.370657
2022-W34,68927.526,0.370657
2022-W35,68592.455,0.36779
2022-W36,68592.455,0.36779
2022-W37,68592.455,0.36779
2022-W38,68592.455,0.36779
2022-W39,68592.455,0.36779
2022-W40,73237.539,0.407535
2022-W41,73237.539,0.407535
2022-W42,73237.539,0.407535
2022-W43,73237.539,0.407535
2022-W44,80064.25,0.465947
2022-W45,80064.25,0.465947
2022-W46,80064.25,0.465947
2022-W47,80064.25,0.465947
2022-W48,101402.127,0.648523
2022-W49,101402.127,0.648523
2022-W50,101402.127,0.648523
2022-W51,101402.127,0.648523
2022-W52,101402.127,0.648523
2023-W01,110089.97,0.72286
2023-W02,110089.97,0.72286
2023-W03,110089.97,0.72286
2023-W04,110089.97,0.72286
2023-W05,99205.848,0.629731
2023-W06,99205.848,0.629731
2023-W07,99205.848,0.629731
2023-W08,99205.848,0.629731
2023-W09,93132.017,0.577761
2023-W10,93132.017,0.577761
2023-W11,93132.017,0.577761
2023-W12,93132.017,0.577761
2023-W13,93132.017,0.577761
2023-W14,87794.307,0.532089
2023-W15,87794.307,0.532089
2023-W16,87794.307,0.532089
2023-W17,87794.307,0.532089
2023-W18,85251.519,0.510332
2023-W19,85251.519,0.510332
2023-W20,85251.519,0.510332
2023-W21,85251.519,0.510332
2023-W22,78670.93,0.454025
2023-W23,78670.93,0.454025
2023-W24,78670.93,0.454025
2023-W25,78670.93,0.454025
2023-W26,78670.93,0.454025
2023-W27,82755.06,0.488971
2023-W28,82755.06,0.488971
2023-W29,82755.06,0.488971
2023-W30,82755.06,0.488971
2023-W31,81629.068,0.479337
2023-W32,81629.068,0.479337
2023-W33,81629.068,0.479337
2023-W34,81629.068,0.479337
2023-W35,81629.068,0.479337
2023-W36,88649.858,0.539409
2023-W37,88649.858,0.539409
2023-W38,88649.858,0.539409
2023-W39,88649.858,0.539409
2023-W40,93431.377,0.580322
2023-W41,93431.377,0.580322
2023-W42,93431.377,0.580322
2023-W43,93431.377,0.580322
2023-W44,97072.872,0.61148
2023-W45,97072.872,0.61148
2023-W46,97072.872,0.61148
2023-W47,97072.872,0.61148
2023-W48,97072.872,0.61148
2023-W49,110016.65,0.722233
2023-W50,110016.65,0.722233
2023-W51,110016.65,0.722233
2023-W52,110016.65,0.722233
2024-W01,122535.678,0.829351
2024-W02,122535.678,0.829351
2024-W03,122535.678,0.829351
2024-W04,122535.678,0.829351
2024-W05,104230.018,0.67272
2024-W06,104230.018,0.67272
2024-W07,104230.018,0.67272
2024-W08,104230.018,0.67272
2024-W09,104230.018,0.67272
2024-W10,102380.378,0.656893
2024-W11,102380.378,0.656893
2024-W12,102380.378,0.656893
2024-W13,102380.378,0.656893
2024-W14,93049.7,0.577056
2024-W15,93049.7,0.577056
2024-W16,93049.7,0.577056
2024-W17,93049.7,0.577056
2024-W18,92593.797,0.573155
2024-W19,92593.797,0.573155
2024-W20,92593.797,0.573155
2024-W21,92593.797,0.573155
2024-W22,92593.797,0.573155
2024-W23,87881.67,0.532836
2024-W24,87881.67,0.532836
2024-W25,87881.67,0.532836
2024-W26,87881.67,0.532836
2024-W27,94177.029,0.586702
2024-W28,94177.029,0.586702
2024-W29,94177.029,0.586702
2024-W30,94177.029,0.586702
2024-W31,93088.15,0.577385
2024-W32,93088.15,0.577385
2024-W33,93088.15,0.577385
2024-W34,93088.15,0.577385
2024-W35,93088.15,0.577385
2024-W36,90461.964,0.554915
2024-W37,90461.964,0.554915
2024-W38,90461.964,0.554915
2024-W39,90461.964,0.554915
2024-W40,99098.727,0.628814
2024-W41,99098.727,0.628814
2024-W42,99098.727,0.628814
2024-W43,99098.727,0.628814
2024-W44,99098.727,0.628814
2024-W45,108200.414,0.706692
2024-W46,108200.414,0.706692
2024-W47,108200.414,0.706692
2024-W48,108200.414,0.706692
2024-W49,123019.708,0.833492
2024-W50,123019.708,0.833492
2024-W51,123019.708,0.833492
2024-W52,123019.708,0.833492
2025-W01,130617.755,0.898504
2025-W02,130617.755,0.898504
2025-W03,130617.755,0.898504
2025-W04,130617.755,0.898504
2025-W05,130617.755,0.898504
2025-W06,108757.461,0.711458
2025-W07,108757.461,0.711458
2025-W08,108757.461,0.711458
2025-W09,108757.461,0.711458
2025-W10,109230.373,0.715505
2025-W11,109230.373,0.715505
2025-W12,109230.373,0.715505
2025-W13,109230.373,0.715505
2025-W14,92413.949,0.571617
2025-W15,92413.949,0.571617
2025-W16,92413.949,0.571617
2025-W17,92413.949,0.571617
2025-W18,87384.533,0.528583
2025-W19,87384.533,0.528583
2025-W20,87384.533,0.528583
2025-W21,87384.533,0.528583
2025-W22,87384.533,0.528583
2025-W23,89031.477,0.542675
2025-W24,89031.477,0.542675
2025-W25,89031.477,0.542675
2025-W26,89031.477,0.542675
2025-W27,96721.853,0.608477
2025-W28,96721.853,0.608477
2025-W29,96721.853,0.608477
2025-W30,96721.853,0.608477
2025-W31,96721.853,0.608477
2025-W32,93000.335,0.576634
2025-W33,93000.335,0.576634
2025-W34,93000.335,0.576634
2025-W35,93000.335,0.576634
2025-W36,95230.921,0.59572
2025-W37,95230.921,0.59572
2025-W38,95230.921,0.59572
2025-W39,95230.921,0.59572
2025-W40,100720.15,0.642688
2025-W41,100720.15,0.642688
2025-W42,100720.15,0.642688
2025-W43,100720.15,0.642688
2025-W44,100720.15,0.642688
2025-W45,112362.709,0.742306
2025-W46,112362.709,0.742306
2025-W47,112362.709,0.742306
2025-W48,112362.709,0.742306
2025-W49,128342.912,0.87904
2025-W50,128342.912,0.87904
2025-W51,128342.912,0.87904
2025-W52,128342.912,0.87904
2026-W01,129303.071,0.887255
2026-W02,129303.071,0.887255
2026-W03,129303.071,0.887255
2026-W04,129303.071,0.887255
2026-W05,129303.071,0.887255
2026-W06,109631.376,0.718936
2026-W07,109631.376,0.718936
2026-W08,109631.376,0.718936
2026-W09,109631.376,0.718936
2026-W10,110839.378,0.729272
2026-W11,110839.378,0.729272
2026-W12,110839.378,0.729272
2026-W13,110839.378,0.729272
2026-W14,97048.814,0.611274
2026-W15,97048.814,0.611274
2026-W16,97048.814,0.611274
2026-W17,97048.814,0.611274
2026-W18,97048.814,0.611274
2026-W19,95720.526,0.599909
2026-W20,95720.526,0.599909
2026-W21,95720.526,0.599909
2026-W22,95720.526,0.599909
